A20170703170338700,CN20170703170338700
A20170703211852398,CN20170703211852398
A20170703185050044,CN20170703185050044
A20170703175445957,CN20170703175445957
A20170703230303574,CN20170703230303574
A20170703191729304,CN20170703191729304
A20170703231642179,CN20170703231642179
A20170703220502487,CN20170703220502487
A20170703204705630,CN20170703204705630
A20170703195149577,CN20170703195149577
A20170703223738153,CN20170703223738153
A20170703173205623,CN20170703173205623
A20170703193936930,CN20170703193936930
A20170703202038231,CN20170703202038231
A20170703180152593,CN20170703180152593
A20170703221531891,CN20170703221531891
A20170703212732787,CN20170703212732787
A20170703212907423,CN20170703212907423
A20170703203029299,CN20170703203029299
A20170703230603103,CN20170703230603103
A20170703181431641,CN20170703181431641
A20170703170140305,CN20170703170140305
A20170703203825785,CN20170703203825785
A20170703212919305,CN20170703212919305
A20170703184455610,CN20170703184455610
A20170703213803043,CN20170703213803043
A20170703174716773,CN20170703174716773
A20170703184443845,CN20170703184443845
A20170703232300887,CN20170703232300887
A20170703193031859,CN20170703193031859
A20170703193504376,CN20170703193504376
A20170703223825259,CN20170703223825259
A20170703170116708,CN20170703170116708
A20170703212149808,CN20170703212149808
A20170703195459285,CN20170703195459285
A20170703203426125,CN20170703203426125
A20170703185509968,CN20170703185509968
A20170703212435505,CN20170703212435505
A20170703205114199,CN20170703205114199
A20170703215955324,CN20170703215955324
A20170703232709289,CN20170703232709289
A20170703180449972,CN20170703180449972
A20170703182324927,CN20170703182324927
A20170703194903991,CN20170703194903991
A20170703230650447,CN20170703230650447
A20170703190702133,CN20170703190702133
A20170703182943593,CN20170703182943593
A20170703182435767,CN20170703182435767
A20170703211322332,CN20170703211322332
A20170703231531215,CN20170703231531215
A20170703191257010,CN20170703191257010
A20170703181740927,CN20170703181740927
A20170703172202031,CN20170703172202031
A20170703175013783,CN20170703175013783
A20170703221654999,CN20170703221654999
A20170703224506993,CN20170703224506993
A20170703190501599,CN20170703190501599
A20170703182657604,CN20170703182657604
A20170703223030073,CN20170703223030073
A20170703174121540,CN20170703174121540
A20170703182014955,CN20170703182014955
A20170703233537333,CN20170703233537333
A20170703232931151,CN20170703232931151
A20170703225236886,CN20170703225236886
A20170703230936101,CN20170703230936101
A20170703231134387,CN20170703231134387
A20170703231023435,CN20170703231023435
A20170703191122468,CN20170703191122468
A20170703172447724,CN20170703172447724
A20170703202026209,CN20170703202026209
A20170703193318150,CN20170703193318150
A20170703224740998,CN20170703224740998
A20170703215424663,CN20170703215424663
A20170703230339059,CN20170703230339059
A20170703211904190,CN20170703211904190
A20170703232336409,CN20170703232336409
A20170703213651935,CN20170703213651935
A20170703223240106,CN20170703223240106
A20170703183007105,CN20170703183007105
A20170703205225117,CN20170703205225117
A20170703223216516,CN20170703223216516
A20170703225102038,CN20170703225102038
A20170703190725768,CN20170703190725768
A20170703232721039,CN20170703232721039
A20170703223251858,CN20170703223251858
A20170703185644507,CN20170703185644507
A20170703220018886,CN20170703220018886
A20170703190227423,CN20170703190227423
A20170703221508349,CN20170703221508349
A20170703224927570,CN20170703224927570
A20170703193119293,CN20170703193119293
A20170703190151993,CN20170703190151993
A20170703205137811,CN20170703205137811
A20170703211211303,CN20170703211211303
A20170703185521841,CN20170703185521841
A20170703225359594,CN20170703225359594
A20170703211729716,CN20170703211729716
A20170703202411323,CN20170703202411323
A20170703173404197,CN20170703173404197
A20170703205744067,CN20170703205744067
A20170703195014920,CN20170703195014920
A20170703184840303,CN20170703184840303
A20170703221829487,CN20170703221829487
A20170703194653979,CN20170703194653979
A20170703231221691,CN20170703231221691
A20170703221730411,CN20170703221730411
A20170703214357698,CN20170703214357698
A20170703195435643,CN20170703195435643
A20170703174220656,CN20170703174220656
A20170703204752726,CN20170703204752726
A20170703210240192,CN20170703210240192
A20170703214135764,CN20170703214135764
A20170703225709023,CN20170703225709023
A20170703185200913,CN20170703185200913
A20170703204210075,CN20170703204210075
A20170703231011535,CN20170703231011535
A20170703191110635,CN20170703191110635
A20170703221841317,CN20170703221841317
A20170703231717673,CN20170703231717673
A20170703221246535,CN20170703221246535
A20170703215127327,CN20170703215127327
A20170703202755711,CN20170703202755711
A20170703225831729,CN20170703225831729
A20170703171951929,CN20170703171951929
A20170703232744591,CN20170703232744591
A20170703224158127,CN20170703224158127
A20170703232510879,CN20170703232510879
A20170703192646411,CN20170703192646411
A20170703185312071,CN20170703185312071
A20170703225458708,CN20170703225458708
A20170703175941991,CN20170703175941991
A20170703203501539,CN20170703203501539
A20170703170501863,CN20170703170501863
A20170703182721532,CN20170703182721532
A20170703190912471,CN20170703190912471
A20170703201606748,CN20170703201606748
A20170703174530060,CN20170703174530060
A20170703184047030,CN20170703184047030
A20170703180812619,CN20170703180812619
A20170703222855665,CN20170703222855665
A20170703202620998,CN20170703202620998
A20170703175906435,CN20170703175906435
A20170703195931255,CN20170703195931255
A20170703220403459,CN20170703220403459
A20170703222400280,CN20170703222400280
A20170703193306378,CN20170703193306378
A20170703195324333,CN20170703195324333
A20170703233053657,CN20170703233053657
A20170703223426548,CN20170703223426548
A20170703211432778,CN20170703211432778
A20170703191852243,CN20170703191852243
A20170703212721007,CN20170703212721007
A20170703175137050,CN20170703175137050
A20170703200228956,CN20170703200228956
A20170703204455173,CN20170703204455173
A20170703212744537,CN20170703212744537
A20170703200327857,CN20170703200327857
A20170703204233685,CN20170703204233685
A20170703181530819,CN20170703181530819
A20170703212348312,CN20170703212348312
A20170703204729250,CN20170703204729250
A20170703211642482,CN20170703211642482
A20170703230449957,CN20170703230449957
A20170703192103055,CN20170703192103055
A20170703183912514,CN20170703183912514
A20170703225954448,CN20170703225954448
A20170703170152045,CN20170703170152045
A20170703211345752,CN20170703211345752
A20170703171829178,CN20170703171829178
A20170703215907913,CN20170703215907913
A20170703202743839,CN20170703202743839
A20170703191308794,CN20170703191308794
A20170703221222685,CN20170703221222685
A20170703193020107,CN20170703193020107
A20170703230041452,CN20170703230041452
A20170703231543085,CN20170703231543085
A20170703175707769,CN20170703175707769
A20170703214310524,CN20170703214310524
A20170703212558166,CN20170703212558166
A20170703220525927,CN20170703220525927
A20170703214024916,CN20170703214024916
A20170703224951172,CN20170703224951172
A20170703212820149,CN20170703212820149
A20170703171456063,CN20170703171456063
A20170703221012331,CN20170703221012331
A20170703215511969,CN20170703215511969
A20170703184146079,CN20170703184146079
A20170703210739387,CN20170703210739387
A20170703171543371,CN20170703171543371
A20170703211741578,CN20170703211741578
A20170703223537433,CN20170703223537433
A20170703220738405,CN20170703220738405
A20170703222202018,CN20170703222202018
A20170703211939502,CN20170703211939502
A20170703165942035,CN20170703165942035
A20170703172844734,CN20170703172844734
A20170703222720927,CN20170703222720927
A20170703214433004,CN20170703214433004
A20170703185620838,CN20170703185620838
A20170703201257715,CN20170703201257715
A20170703175212369,CN20170703175212369
A20170703181542622,CN20170703181542622
A20170703173007281,CN20170703173007281
A20170703201420756,CN20170703201420756
A20170703191320561,CN20170703191320561
A20170703182558737,CN20170703182558737
A20170703214322314,CN20170703214322314
A20170703231443943,CN20170703231443943
A20170703195201317,CN20170703195201317
A20170703191828564,CN20170703191828564
A20170703211100487,CN20170703211100487
A20170703204606385,CN20170703204606385
A20170703204309109,CN20170703204309109
A20170703192733939,CN20170703192733939
A20170703173859584,CN20170703173859584
A20170703213838527,CN20170703213838527
A20170703211444580,CN20170703211444580
A20170703212213382,CN20170703212213382
A20170703194915941,CN20170703194915941
A20170703200415033,CN20170703200415033
A20170703212808239,CN20170703212808239
A20170703172039176,CN20170703172039176
A20170703174752236,CN20170703174752236
A20170703222039470,CN20170703222039470
A20170703201432486,CN20170703201432486
A20170703231653903,CN20170703231653903
A20170703201011878,CN20170703201011878
A20170703205906597,CN20170703205906597
A20170703205102239,CN20170703205102239
A20170703211334062,CN20170703211334062
A20170703172301037,CN20170703172301037
A20170703193826041,CN20170703193826041
A20170703211258688,CN20170703211258688
A20170703231741307,CN20170703231741307
A20170703184408524,CN20170703184408524
A20170703180414597,CN20170703180414597
A20170703183714068,CN20170703183714068
A20170703231110711,CN20170703231110711
A20170703172821123,CN20170703172821123
A20170703222447544,CN20170703222447544
A20170703224035489,CN20170703224035489
A20170703173352326,CN20170703173352326
A20170703201357024,CN20170703201357024
A20170703192634691,CN20170703192634691
A20170703182733272,CN20170703182733272
A20170703220726575,CN20170703220726575
A20170703191047125,CN20170703191047125
A20170703221643077,CN20170703221643077
A20170703183130286,CN20170703183130286
A20170703172558687,CN20170703172558687
A20170703224828642,CN20170703224828642
A20170703173316711,CN20170703173316711
A20170703204915597,CN20170703204915597
A20170703203750241,CN20170703203750241
A20170703175235769,CN20170703175235769
A20170703191653709,CN20170703191653709
A20170703174541961,CN20170703174541961
A20170703230140626,CN20170703230140626
A20170703183439793,CN20170703183439793
A20170703184332793,CN20170703184332793
A20170703192757963,CN20170703192757963
A20170703193849535,CN20170703193849535
A20170703201111437,CN20170703201111437
A20170703184122404,CN20170703184122404
A20170703170911774,CN20170703170911774
A20170703172459427,CN20170703172459427
A20170703221928412,CN20170703221928412
A20170703190104785,CN20170703190104785
A20170703190548899,CN20170703190548899
A20170703230801193,CN20170703230801193
A20170703205510513,CN20170703205510513
A20170703222412190,CN20170703222412190
A20170703220901623,CN20170703220901623
A20170703171718058,CN20170703171718058
A20170703200042213,CN20170703200042213
A20170703202632918,CN20170703202632918
A20170703225324190,CN20170703225324190
A20170703181554478,CN20170703181554478
A20170703214707408,CN20170703214707408
A20170703185026454,CN20170703185026454
A20170703170005793,CN20170703170005793
A20170703211805340,CN20170703211805340
A20170703183848690,CN20170703183848690
A20170703192658351,CN20170703192658351
A20170703193440731,CN20170703193440731
A20170703203239593,CN20170703203239593
A20170703221059945,CN20170703221059945
A20170703171555429,CN20170703171555429
A20170703233018275,CN20170703233018275
A20170703205324201,CN20170703205324201
A20170703213042065,CN20170703213042065
A20170703181122204,CN20170703181122204
A20170703175002079,CN20170703175002079
A20170703183550792,CN20170703183550792
A20170703195003110,CN20170703195003110
A20170703181804588,CN20170703181804588
A20170703201705654,CN20170703201705654
A20170703170053109,CN20170703170053109
A20170703221631275,CN20170703221631275
A20170703214556342,CN20170703214556342
A20170703182137867,CN20170703182137867
A20170703192226040,CN20170703192226040
A20170703195050454,CN20170703195050454
A20170703173625911,CN20170703173625911
A20170703230537241,CN20170703230537241
A20170703223912513,CN20170703223912513
A20170703184157949,CN20170703184157949
A20170703203901417,CN20170703203901417
A20170703181653766,CN20170703181653766
A20170703194927651,CN20170703194927651
A20170703200639537,CN20170703200639537
A20170703221159001,CN20170703221159001
A20170703222249301,CN20170703222249301
A20170703173416093,CN20170703173416093
A20170703233450149,CN20170703233450149
A20170703232225404,CN20170703232225404
A20170703183340647,CN20170703183340647
A20170703170029467,CN20170703170029467
A20170703230959753,CN20170703230959753
A20170703200703227,CN20170703200703227
A20170703185609031,CN20170703185609031
A20170703184309166,CN20170703184309166
A20170703224904138,CN20170703224904138
A20170703175743691,CN20170703175743691
A20170703173748740,CN20170703173748740
A20170703182225340,CN20170703182225340
A20170703182050381,CN20170703182050381
A20170703215040251,CN20170703215040251
A20170703203227638,CN20170703203227638
A20170703211135739,CN20170703211135739
A20170703194012350,CN20170703194012350
A20170703213117407,CN20170703213117407
A20170703201828264,CN20170703201828264
A20170703201123143,CN20170703201123143
A20170703225756337,CN20170703225756337
A20170703190203769,CN20170703190203769
A20170703194047796,CN20170703194047796
A20170703202819111,CN20170703202819111
A20170703171011214,CN20170703171011214
A20170703191741324,CN20170703191741324
A20170703194158599,CN20170703194158599
A20170703213715759,CN20170703213715759
A20170703224618241,CN20170703224618241
A20170703204653778,CN20170703204653778
A20170703224221721,CN20170703224221721
A20170703210937501,CN20170703210937501
A20170703231828622,CN20170703231828622
A20170703195855881,CN20170703195855881
A20170703205435099,CN20170703205435099
A20170703193143077,CN20170703193143077
A20170703211618990,CN20170703211618990
A20170703214643666,CN20170703214643666
A20170703173106496,CN20170703173106496
A20170703202831101,CN20170703202831101
A20170703171035007,CN20170703171035007
A20170703184507522,CN20170703184507522
A20170703231618449,CN20170703231618449
A20170703173031108,CN20170703173031108
A20170703232633735,CN20170703232633735
A20170703184554692,CN20170703184554692
A20170703212942887,CN20170703212942887
A20170703185300250,CN20170703185300250
A20170703210949461,CN20170703210949461
A20170703175807534,CN20170703175807534
A20170703210715763,CN20170703210715763
A20170703230836837,CN20170703230836837
A20170703191507123,CN20170703191507123
A20170703174652938,CN20170703174652938
A20170703223041997,CN20170703223041997
A20170703224816802,CN20170703224816802
A20170703211223244,CN20170703211223244
A20170703191209655,CN20170703191209655
A20170703202236771,CN20170703202236771
A20170703231420119,CN20170703231420119
A20170703180326992,CN20170703180326992
A20170703200153552,CN20170703200153552
A20170703222138406,CN20170703222138406
A20170703213053765,CN20170703213053765
A20170703192400534,CN20170703192400534
A20170703221853120,CN20170703221853120
A20170703181320593,CN20170703181320593
A20170703224146247,CN20170703224146247
A20170703180824442,CN20170703180824442
A20170703201321270,CN20170703201321270
A20170703180935493,CN20170703180935493
A20170703192857361,CN20170703192857361
A20170703221135401,CN20170703221135401
A20170703171805451,CN20170703171805451
A20170703231519515,CN20170703231519515
A20170703194432262,CN20170703194432262
A20170703214853811,CN20170703214853811
A20170703205014921,CN20170703205014921
A20170703194455844,CN20170703194455844
A20170703172237433,CN20170703172237433
A20170703170836196,CN20170703170836196
A20170703223141151,CN20170703223141151
A20170703214929173,CN20170703214929173
A20170703185113569,CN20170703185113569
A20170703215709762,CN20170703215709762
A20170703231840372,CN20170703231840372
A20170703180525752,CN20170703180525752
A20170703191705596,CN20170703191705596
A20170703171320984,CN20170703171320984
A20170703210814751,CN20170703210814751
A20170703194554920,CN20170703194554920
A20170703210315689,CN20170703210315689
A20170703172412151,CN20170703172412151
A20170703185149073,CN20170703185149073
A20170703222523028,CN20170703222523028
A20170703212027150,CN20170703212027150
A20170703202324008,CN20170703202324008
A20170703203327071,CN20170703203327071
A20170703182955326,CN20170703182955326
A20170703202644741,CN20170703202644741
A20170703205656923,CN20170703205656923
A20170703232359943,CN20170703232359943
A20170703170947409,CN20170703170947409
A20170703174109650,CN20170703174109650
A20170703172931737,CN20170703172931737
A20170703225125800,CN20170703225125800
A20170703172213777,CN20170703172213777
A20170703231333055,CN20170703231333055
A20170703230414405,CN20170703230414405
A20170703202533952,CN20170703202533952
A20170703171233455,CN20170703171233455
A20170703210116614,CN20170703210116614
A20170703183205631,CN20170703183205631
A20170703222645553,CN20170703222645553
A20170703225855433,CN20170703225855433
A20170703223549245,CN20170703223549245
A20170703174046002,CN20170703174046002
A20170703213537188,CN20170703213537188
A20170703190801431,CN20170703190801431
A20170703201804502,CN20170703201804502
A20170703231046990,CN20170703231046990
A20170703214520748,CN20170703214520748
A20170703175259329,CN20170703175259329
A20170703210426607,CN20170703210426607
A20170703230848897,CN20170703230848897
A20170703215028509,CN20170703215028509
A20170703212201620,CN20170703212201620
A20170703220117850,CN20170703220117850
A20170703193703278,CN20170703193703278
A20170703211828862,CN20170703211828862
A20170703202125525,CN20170703202125525
A20170703182249144,CN20170703182249144
A20170703174156814,CN20170703174156814
A20170703175358601,CN20170703175358601
A20170703185743724,CN20170703185743724
A20170703185755674,CN20170703185755674
A20170703202953695,CN20170703202953695
A20170703200018459,CN20170703200018459
A20170703211555408,CN20170703211555408
A20170703171642646,CN20170703171642646
A20170703174804080,CN20170703174804080
A20170703225942608,CN20170703225942608
A20170703232808113,CN20170703232808113
A20170703182820571,CN20170703182820571
A20170703203449769,CN20170703203449769
A20170703231507783,CN20170703231507783
A20170703224455283,CN20170703224455283
A20170703220240440,CN20170703220240440
A20170703210204840,CN20170703210204840
A20170703183813261,CN20170703183813261
A20170703175842886,CN20170703175842886
A20170703165930298,CN20170703165930298
A20170703182756856,CN20170703182756856
A20170703233030135,CN20170703233030135
A20170703220838033,CN20170703220838033
A20170703221817585,CN20170703221817585
A20170703211753448,CN20170703211753448
A20170703205411307,CN20170703205411307
A20170703190041231,CN20170703190041231
A20170703194222242,CN20170703194222242
A20170703214234990,CN20170703214234990
A20170703212225362,CN20170703212225362
A20170703192546955,CN20170703192546955
A20170703191903981,CN20170703191903981
A20170703205755933,CN20170703205755933
A20170703191157900,CN20170703191157900
A20170703183253192,CN20170703183253192
A20170703233426418,CN20170703233426418
A20170703220339646,CN20170703220339646
A20170703183947951,CN20170703183947951
A20170703195026734,CN20170703195026734
A20170703200339659,CN20170703200339659
A20170703212931067,CN20170703212931067
A20170703194245844,CN20170703194245844
A20170703180350813,CN20170703180350813
A20170703172324633,CN20170703172324633
A20170703215325607,CN20170703215325607
A20170703192324888,CN20170703192324888
A20170703215412843,CN20170703215412843
A20170703231432011,CN20170703231432011
A20170703203837665,CN20170703203837665
A20170703211717976,CN20170703211717976
A20170703200252542,CN20170703200252542
A20170703230116886,CN20170703230116886
A20170703212015190,CN20170703212015190
A20170703221258327,CN20170703221258327
A20170703211531834,CN20170703211531834
A20170703190017584,CN20170703190017584
A20170703194519436,CN20170703194519436
A20170703223053717,CN20170703223053717
A20170703184606514,CN20170703184606514
A20170703172610427,CN20170703172610427
A20170703174244326,CN20170703174244326
A20170703202557554,CN20170703202557554
A20170703183539055,CN20170703183539055
A20170703174232383,CN20170703174232383
A20170703183316980,CN20170703183316980
A20170703193715178,CN20170703193715178
A20170703192301326,CN20170703192301326
A20170703204630052,CN20170703204630052
A20170703211112279,CN20170703211112279
A20170703232348181,CN20170703232348181
A20170703194444172,CN20170703194444172
A20170703182744959,CN20170703182744959
A20170703210303889,CN20170703210303889
A20170703181257164,CN20170703181257164
A20170703195919311,CN20170703195919311
A20170703171444092,CN20170703171444092
A20170703174938450,CN20170703174938450
A20170703181618331,CN20170703181618331
A20170703202213089,CN20170703202213089
A20170703172920009,CN20170703172920009
A20170703171221614,CN20170703171221614
A20170703180239807,CN20170703180239807
A20170703223351226,CN20170703223351226
A20170703173935190,CN20170703173935190
A20170703191840460,CN20170703191840460
A20170703213006421,CN20170703213006421
A20170703203548756,CN20170703203548756
A20170703224752910,CN20170703224752910
A20170703191542587,CN20170703191542587
A20170703200502071,CN20170703200502071
A20170703211927672,CN20170703211927672
A20170703211124019,CN20170703211124019
A20170703223414868,CN20170703223414868
A20170703192015298,CN20170703192015298
A20170703222423910,CN20170703222423910
A20170703180105150,CN20170703180105150
A20170703231408439,CN20170703231408439
A20170703223650989,CN20170703223650989
A20170703180053307,CN20170703180053307
A20170703193107373,CN20170703193107373
A20170703183527067,CN20170703183527067
A20170703213438189,CN20170703213438189
A20170703225907184,CN20170703225907184
A20170703173328650,CN20170703173328650
A20170703230638567,CN20170703230638567
A20170703170725206,CN20170703170725206
A20170703200054035,CN20170703200054035
A20170703191717525,CN20170703191717525
A20170703204618202,CN20170703204618202
A20170703232522619,CN20170703232522619
A20170703221333649,CN20170703221333649
A20170703171408545,CN20170703171408545
A20170703214818367,CN20170703214818367
A20170703213826647,CN20170703213826647
A20170703220129662,CN20170703220129662
A20170703200205384,CN20170703200205384
A20170703191407977,CN20170703191407977
A20170703175323059,CN20170703175323059
A20170703194804620,CN20170703194804620
A20170703183352517,CN20170703183352517
A20170703194408686,CN20170703194408686
A20170703212709113,CN20170703212709113
A20170703193230746,CN20170703193230746
A20170703203639410,CN20170703203639410
A20170703181356362,CN20170703181356362
A20170703170959390,CN20170703170959390
A20170703233513843,CN20170703233513843
A20170703185708208,CN20170703185708208
A20170703183650219,CN20170703183650219
A20170703195523067,CN20170703195523067
A20170703183153893,CN20170703183153893
A20170703194321502,CN20170703194321502
A20170703200738674,CN20170703200738674
A20170703223959907,CN20170703223959907
A20170703185906559,CN20170703185906559
A20170703225213334,CN20170703225213334
A20170703190251276,CN20170703190251276
A20170703194729373,CN20170703194729373
A20170703213204473,CN20170703213204473
A20170703212423755,CN20170703212423755
A20170703165953966,CN20170703165953966
A20170703194146893,CN20170703194146893
A20170703190825135,CN20170703190825135
A20170703202545732,CN20170703202545732
A20170703212126096,CN20170703212126096
A20170703180315132,CN20170703180315132
A20170703230813135,CN20170703230813135
A20170703221555873,CN20170703221555873
A20170703182213521,CN20170703182213521
A20170703174256236,CN20170703174256236
A20170703184356718,CN20170703184356718
A20170703225808089,CN20170703225808089
A20170703223204773,CN20170703223204773
A20170703201741040,CN20170703201741040
A20170703181221294,CN20170703181221294
A20170703191939786,CN20170703191939786
A20170703230525269,CN20170703230525269
A20170703183217474,CN20170703183217474
A20170703184058919,CN20170703184058919
A20170703180338910,CN20170703180338910
A20170703170350650,CN20170703170350650
A20170703231852142,CN20170703231852142
A20170703230251694,CN20170703230251694
A20170703225201364,CN20170703225201364
A20170703204012420,CN20170703204012420
A20170703225819849,CN20170703225819849
A20170703171023030,CN20170703171023030
A20170703230105086,CN20170703230105086
A20170703172225677,CN20170703172225677
A20170703225732765,CN20170703225732765
A20170703222534798,CN20170703222534798
A20170703190350538,CN20170703190350538
A20170703184816786,CN20170703184816786
A20170703175247601,CN20170703175247601
A20170703194705743,CN20170703194705743
A20170703225149482,CN20170703225149482
A20170703212301028,CN20170703212301028
A20170703181408048,CN20170703181408048
A20170703204146688,CN20170703204146688
A20170703200129782,CN20170703200129782
A20170703214444844,CN20170703214444844
A20170703231753027,CN20170703231753027
A20170703170315009,CN20170703170315009
A20170703201158435,CN20170703201158435
A20170703220537819,CN20170703220537819
A20170703204419959,CN20170703204419959
A20170703173153698,CN20170703173153698
A20170703192944578,CN20170703192944578
A20170703225657331,CN20170703225657331
A20170703225645491,CN20170703225645491
A20170703185854663,CN20170703185854663
A20170703212633631,CN20170703212633631
A20170703214048620,CN20170703214048620
A20170703181034872,CN20170703181034872
A20170703174506450,CN20170703174506450
A20170703180537519,CN20170703180537519
A20170703211508140,CN20170703211508140
A20170703222808391,CN20170703222808391
A20170703181134063,CN20170703181134063
A20170703205609639,CN20170703205609639
A20170703205312421,CN20170703205312421
A20170703222744621,CN20170703222744621
A20170703181209501,CN20170703181209501
A20170703223924255,CN20170703223924255
A20170703215559023,CN20170703215559023
A20170703210704003,CN20170703210704003
A20170703182125957,CN20170703182125957
A20170703224804800,CN20170703224804800
A20170703201210330,CN20170703201210330
A20170703193750605,CN20170703193750605
A20170703202224919,CN20170703202224919
A20170703171940255,CN20170703171940255
A20170703211519982,CN20170703211519982
A20170703184630365,CN20170703184630365
A20170703171729898,CN20170703171729898
A20170703192523314,CN20170703192523314
A20170703230327329,CN20170703230327329
A20170703181705596,CN20170703181705596
A20170703221952076,CN20170703221952076
A20170703192412378,CN20170703192412378
A20170703172856465,CN20170703172856465
A20170703220702983,CN20170703220702983
A20170703165906650,CN20170703165906650
A20170703214421194,CN20170703214421194
A20170703221409123,CN20170703221409123
A20170703210053254,CN20170703210053254
A20170703200438577,CN20170703200438577
A20170703194123191,CN20170703194123191
A20170703201915371,CN20170703201915371
A20170703172646007,CN20170703172646007
A20170703211654194,CN20170703211654194
A20170703171753661,CN20170703171753661
A20170703213140951,CN20170703213140951
A20170703224308945,CN20170703224308945
A20170703222621983,CN20170703222621983
A20170703212546476,CN20170703212546476
A20170703220450545,CN20170703220450545
A20170703195137764,CN20170703195137764
A20170703191455312,CN20170703191455312
A20170703213727539,CN20170703213727539
A20170703194939568,CN20170703194939568
A20170703191554539,CN20170703191554539
A20170703181046810,CN20170703181046810
A20170703211235038,CN20170703211235038
A20170703170549132,CN20170703170549132
A20170703192622712,CN20170703192622712
A20170703203438015,CN20170703203438015
A20170703205300589,CN20170703205300589
A20170703203726849,CN20170703203726849
A20170703232447127,CN20170703232447127
A20170703191134253,CN20170703191134253
A20170703171607223,CN20170703171607223
A20170703185545379,CN20170703185545379
A20170703222558368,CN20170703222558368
A20170703203738521,CN20170703203738521
A20170703213902047,CN20170703213902047
A20170703213315269,CN20170703213315269
A20170703205458761,CN20170703205458761
A20170703195411751,CN20170703195411751
A20170703214719158,CN20170703214719158
A20170703232907389,CN20170703232907389
A20170703171122633,CN20170703171122633
A20170703192051121,CN20170703192051121
A20170703204542625,CN20170703204542625
A20170703221940356,CN20170703221940356
A20170703205201435,CN20170703205201435
A20170703195756843,CN20170703195756843
A20170703231309285,CN20170703231309285
A20170703180713590,CN20170703180713590
A20170703192535207,CN20170703192535207
A20170703185125497,CN20170703185125497
A20170703181927782,CN20170703181927782
A20170703171058768,CN20170703171058768
A20170703172634118,CN20170703172634118
A20170703193417249,CN20170703193417249
A20170703225300568,CN20170703225300568
A20170703205708815,CN20170703205708815
A20170703170923748,CN20170703170923748
A20170703214905691,CN20170703214905691
A20170703201729268,CN20170703201729268
A20170703232942931,CN20170703232942931
A20170703192921005,CN20170703192921005
A20170703225720965,CN20170703225720965
A20170703175930148,CN20170703175930148
A20170703205831213,CN20170703205831213
A20170703172400223,CN20170703172400223
A20170703192313059,CN20170703192313059
A20170703185359225,CN20170703185359225
A20170703231927588,CN20170703231927588
A20170703232213512,CN20170703232213512
A20170703201507840,CN20170703201507840
A20170703202312174,CN20170703202312174
A20170703233105409,CN20170703233105409
A20170703211357516,CN20170703211357516
A20170703191023344,CN20170703191023344
A20170703190537004,CN20170703190537004
A20170703233129051,CN20170703233129051
A20170703205930239,CN20170703205930239
A20170703173054666,CN20170703173054666
A20170703180029642,CN20170703180029642
A20170703181058734,CN20170703181058734
A20170703222324826,CN20170703222324826
A20170703225225156,CN20170703225225156
A20170703170935643,CN20170703170935643
A20170703213937602,CN20170703213937602
A20170703201543156,CN20170703201543156
A20170703214013136,CN20170703214013136
A20170703224554477,CN20170703224554477
A20170703203315203,CN20170703203315203
A20170703174926627,CN20170703174926627
A20170703201408836,CN20170703201408836
A20170703220936907,CN20170703220936907
A20170703194024120,CN20170703194024120
A20170703221147271,CN20170703221147271
A20170703181951299,CN20170703181951299
A20170703170128594,CN20170703170128594
A20170703190737582,CN20170703190737582
A20170703212534650,CN20170703212534650
A20170703224209857,CN20170703224209857
A20170703192809693,CN20170703192809693
A20170703215919728,CN20170703215919728
A20170703171531549,CN20170703171531549
A20170703174851238,CN20170703174851238
A20170703212610086,CN20170703212610086
A20170703233351003,CN20170703233351003
A20170703183503351,CN20170703183503351
A20170703214608082,CN20170703214608082
A20170703233501951,CN20170703233501951
A20170703214730970,CN20170703214730970
A20170703180204355,CN20170703180204355
A20170703195114130,CN20170703195114130
A20170703232050596,CN20170703232050596
A20170703225312300,CN20170703225312300
A20170703190749632,CN20170703190749632
A20170703201630340,CN20170703201630340
A20170703192956480,CN20170703192956480
A20170703191951507,CN20170703191951507
A20170703184915715,CN20170703184915715
A20170703184705845,CN20170703184705845
A20170703222336736,CN20170703222336736
A20170703205633313,CN20170703205633313
A20170703200913046,CN20170703200913046
A20170703224245291,CN20170703224245291
A20170703184729382,CN20170703184729382
A20170703170637601,CN20170703170637601
A20170703190713834,CN20170703190713834
A20170703220105950,CN20170703220105950
A20170703210640251,CN20170703210640251
A20170703202918293,CN20170703202918293
A20170703193551606,CN20170703193551606
A20170703185942080,CN20170703185942080
A20170703220427031,CN20170703220427031
A20170703174145083,CN20170703174145083
A20170703205149653,CN20170703205149653
A20170703220604053,CN20170703220604053
A20170703214619824,CN20170703214619824
A20170703175049398,CN20170703175049398
A20170703170800682,CN20170703170800682
A20170703233549235,CN20170703233549235
A20170703224011759,CN20170703224011759
A20170703190525112,CN20170703190525112
A20170703194840254,CN20170703194840254
A20170703214159386,CN20170703214159386
A20170703230549013,CN20170703230549013
A20170703184221670,CN20170703184221670
A20170703175755620,CN20170703175755620
A20170703195359827,CN20170703195359827
A20170703203913099,CN20170703203913099
A20170703173824145,CN20170703173824145
A20170703213327059,CN20170703213327059
A20170703215349289,CN20170703215349289
A20170703205953839,CN20170703205953839
A20170703224344345,CN20170703224344345
A20170703171928351,CN20170703171928351
A20170703225423296,CN20170703225423296
A20170703194543090,CN20170703194543090
A20170703200316015,CN20170703200316015
A20170703174407420,CN20170703174407420
A20170703182919976,CN20170703182919976
A20170703233240037,CN20170703233240037
A20170703193726984,CN20170703193726984
A20170703181344394,CN20170703181344394
A20170703201333052,CN20170703201333052
A20170703213449949,CN20170703213449949
A20170703181816367,CN20170703181816367
A20170703201653792,CN20170703201653792
A20170703220615777,CN20170703220615777
A20170703175434107,CN20170703175434107
A20170703173649525,CN20170703173649525
A20170703174827611,CN20170703174827611
A20170703170326795,CN20170703170326795
A20170703220205268,CN20170703220205268
A20170703173847824,CN20170703173847824
A20170703204059534,CN20170703204059534
A20170703210327661,CN20170703210327661
A20170703200403283,CN20170703200403283
A20170703173800526,CN20170703173800526
A20170703223315620,CN20170703223315620
A20170703192424026,CN20170703192424026
A20170703203104682,CN20170703203104682
A20170703191356167,CN20170703191356167
A20170703175509512,CN20170703175509512
A20170703232855647,CN20170703232855647
A20170703233140881,CN20170703233140881
A20170703173304750,CN20170703173304750
A20170703215808866,CN20170703215808866
A20170703170625822,CN20170703170625822
A20170703215115553,CN20170703215115553
A20170703230152430,CN20170703230152430
A20170703223339364,CN20170703223339364
A20170703205546055,CN20170703205546055
A20170703223006483,CN20170703223006483
A20170703182511354,CN20170703182511354
A20170703215523709,CN20170703215523709
A20170703210537715,CN20170703210537715
A20170703175608611,CN20170703175608611
A20170703192202399,CN20170703192202399
A20170703215535531,CN20170703215535531
A20170703221123635,CN20170703221123635
A20170703220327834,CN20170703220327834
A20170703170449947,CN20170703170449947
A20170703175918371,CN20170703175918371
A20170703194630329,CN20170703194630329
A20170703230438185,CN20170703230438185
A20170703172721637,CN20170703172721637
A20170703181606388,CN20170703181606388
A20170703202201279,CN20170703202201279
A20170703225930878,CN20170703225930878
A20170703191332444,CN20170703191332444
A20170703201456090,CN20170703201456090
A20170703184653902,CN20170703184653902
A20170703225026624,CN20170703225026624
A20170703215016527,CN20170703215016527
A20170703185732013,CN20170703185732013
A20170703180848149,CN20170703180848149
A20170703181308873,CN20170703181308873
A20170703223749875,CN20170703223749875
A20170703174034103,CN20170703174034103
A20170703180911889,CN20170703180911889
A20170703185842879,CN20170703185842879
A20170703215238433,CN20170703215238433
A20170703233303729,CN20170703233303729
A20170703171904521,CN20170703171904521
A20170703232015062,CN20170703232015062
A20170703181641893,CN20170703181641893
A20170703210450399,CN20170703210450399
A20170703195954625,CN20170703195954625
A20170703214532578,CN20170703214532578
A20170703222843835,CN20170703222843835
A20170703211246978,CN20170703211246978
A20170703173439722,CN20170703173439722
A20170703183701989,CN20170703183701989
A20170703173637675,CN20170703173637675
A20170703200030359,CN20170703200030359
A20170703231903992,CN20170703231903992
A20170703204840151,CN20170703204840151
A20170703193837823,CN20170703193837823
A20170703233315459,CN20170703233315459
A20170703180216265,CN20170703180216265
A20170703172908264,CN20170703172908264
A20170703193452636,CN20170703193452636
A20170703174903143,CN20170703174903143
A20170703192249455,CN20170703192249455
A20170703203627730,CN20170703203627730
A20170703222820183,CN20170703222820183
A20170703213402515,CN20170703213402515
A20170703195236911,CN20170703195236911
A20170703214742814,CN20170703214742814
A20170703182149801,CN20170703182149801
A20170703233117141,CN20170703233117141
A20170703225050388,CN20170703225050388
A20170703225014924,CN20170703225014924
A20170703170041362,CN20170703170041362
A20170703212050824,CN20170703212050824
A20170703205213335,CN20170703205213335
A20170703210005686,CN20170703210005686
A20170703214345978,CN20170703214345978
A20170703223702701,CN20170703223702701
A20170703205854877,CN20170703205854877
A20170703182003175,CN20170703182003175
A20170703220549563,CN20170703220549563
A20170703220252292,CN20170703220252292
A20170703202906597,CN20170703202906597
A20170703212412003,CN20170703212412003
A20170703205918509,CN20170703205918509
A20170703204507163,CN20170703204507163
A20170703184209893,CN20170703184209893
A20170703194333324,CN20170703194333324
A20170703204518933,CN20170703204518933
A20170703212137878,CN20170703212137878
A20170703181903980,CN20170703181903980
A20170703213604879,CN20170703213604879
A20170703205621399,CN20170703205621399
A20170703195657766,CN20170703195657766
A20170703230128766,CN20170703230128766
A20170703184320884,CN20170703184320884
A20170703175620431,CN20170703175620431
A20170703170204030,CN20170703170204030
A20170703185347366,CN20170703185347366
A20170703194035982,CN20170703194035982
A20170703224059053,CN20170703224059053
A20170703172745636,CN20170703172745636
A20170703190053007,CN20170703190053007
A20170703223105597,CN20170703223105597
A20170703230713949,CN20170703230713949
A20170703184828596,CN20170703184828596
A20170703193353494,CN20170703193353494
A20170703184903927,CN20170703184903927
A20170703184134326,CN20170703184134326
A20170703181145859,CN20170703181145859
A20170703232843907,CN20170703232843907
A20170703183328737,CN20170703183328737
A20170703230737581,CN20170703230737581
A20170703195511115,CN20170703195511115
A20170703181828299,CN20170703181828299
A20170703192214179,CN20170703192214179
A20170703214952767,CN20170703214952767
A20170703221310229,CN20170703221310229
A20170703185930165,CN20170703185930165
A20170703195721418,CN20170703195721418
A20170703165918374,CN20170703165918374
A20170703223450330,CN20170703223450330
A20170703213751143,CN20170703213751143
A20170703201035814,CN20170703201035814
A20170703182610524,CN20170703182610524
A20170703223900601,CN20170703223900601
A20170703220849923,CN20170703220849923
A20170703232026842,CN20170703232026842
A20170703171356634,CN20170703171356634
A20170703171308904,CN20170703171308904
A20170703171852787,CN20170703171852787
A20170703204816308,CN20170703204816308
A20170703184642084,CN20170703184642084
A20170703202854723,CN20170703202854723
A20170703190959725,CN20170703190959725
A20170703195248721,CN20170703195248721
A20170703200426745,CN20170703200426745
A20170703184852164,CN20170703184852164
A20170703221905040,CN20170703221905040
A20170703210017626,CN20170703210017626
A20170703182535214,CN20170703182535214
A20170703191058888,CN20170703191058888
A20170703202609294,CN20170703202609294
A20170703230626775,CN20170703230626775
A20170703180438240,CN20170703180438240
A20170703183836982,CN20170703183836982
A20170703230900649,CN20170703230900649
A20170703210913947,CN20170703210913947
A20170703171519619,CN20170703171519619
A20170703180041395,CN20170703180041395
A20170703203936782,CN20170703203936782
A20170703190947913,CN20170703190947913
A20170703214147634,CN20170703214147634
A20170703182201645,CN20170703182201645
A20170703202137425,CN20170703202137425
A20170703202014349,CN20170703202014349
A20170703223639059,CN20170703223639059
A20170703175311137,CN20170703175311137
A20170703222657487,CN20170703222657487
A20170703224518975,CN20170703224518975
A20170703182459429,CN20170703182459429
A20170703231035247,CN20170703231035247
A20170703170438181,CN20170703170438181
A20170703224729266,CN20170703224729266
A20170703185458221,CN20170703185458221
A20170703204939259,CN20170703204939259
A20170703200837734,CN20170703200837734
A20170703181443360,CN20170703181443360
A20170703173550653,CN20170703173550653
A20170703174641167,CN20170703174641167
A20170703170239522,CN20170703170239522
A20170703181419776,CN20170703181419776
A20170703194828224,CN20170703194828224
A20170703204344473,CN20170703204344473
A20170703195348045,CN20170703195348045
A20170703195808627,CN20170703195808627
A20170703172114628,CN20170703172114628
A20170703193738694,CN20170703193738694
A20170703215226731,CN20170703215226731
A20170703220141414,CN20170703220141414
A20170703194507556,CN20170703194507556
A20170703180426366,CN20170703180426366
A20170703193341739,CN20170703193341739
A20170703174057770,CN20170703174057770
A20170703232126258,CN20170703232126258
A20170703214409512,CN20170703214409512
A20170703182844271,CN20170703182844271
A20170703215622718,CN20170703215622718
A20170703192114855,CN20170703192114855
A20170703194852044,CN20170703194852044
A20170703232657377,CN20170703232657377
A20170703200006669,CN20170703200006669
A20170703223714503,CN20170703223714503
A20170703191518976,CN20170703191518976
A20170703211147593,CN20170703211147593
A20170703221753953,CN20170703221753953
A20170703204134818,CN20170703204134818
A20170703170649632,CN20170703170649632
A20170703183959749,CN20170703183959749
A20170703225744465,CN20170703225744465
A20170703202423123,CN20170703202423123
A20170703222126684,CN20170703222126684
A20170703232831945,CN20170703232831945
A20170703233438209,CN20170703233438209
A20170703220825919,CN20170703220825919
A20170703193043809,CN20170703193043809
A20170703231729353,CN20170703231729353
A20170703215401079,CN20170703215401079
A20170703221036171,CN20170703221036171
A20170703171332828,CN20170703171332828
A20170703215658108,CN20170703215658108
A20170703204927467,CN20170703204927467
A20170703195213169,CN20170703195213169
A20170703173129977,CN20170703173129977
A20170703231939418,CN20170703231939418
A20170703225621797,CN20170703225621797
A20170703224110953,CN20170703224110953
A20170703203813833,CN20170703203813833
A20170703185918495,CN20170703185918495
A20170703202807381,CN20170703202807381
A20170703190650399,CN20170703190650399
A20170703195423781,CN20170703195423781
A20170703184519235,CN20170703184519235
A20170703224542697,CN20170703224542697
A20170703182907948,CN20170703182907948
A20170703204321021,CN20170703204321021
A20170703213703819,CN20170703213703819
A20170703222114954,CN20170703222114954
A20170703170303134,CN20170703170303134
A20170703210339443,CN20170703210339443
A20170703223801827,CN20170703223801827
A20170703224653713,CN20170703224653713
A20170703212336532,CN20170703212336532
A20170703231455783,CN20170703231455783
A20170703193154899,CN20170703193154899
A20170703174343576,CN20170703174343576
A20170703231705903,CN20170703231705903
A20170703184741271,CN20170703184741271
A20170703204221945,CN20170703204221945
A20170703202942033,CN20170703202942033
A20170703201059477,CN20170703201059477
A20170703190924268,CN20170703190924268
A20170703183626545,CN20170703183626545
A20170703233006403,CN20170703233006403
A20170703174308200,CN20170703174308200
A20170703210652053,CN20170703210652053
A20170703182546895,CN20170703182546895
A20170703232149950,CN20170703232149950
A20170703174605753,CN20170703174605753
A20170703180549451,CN20170703180549451
A20170703201618530,CN20170703201618530
A20170703171817340,CN20170703171817340
A20170703185137195,CN20170703185137195
A20170703192336758,CN20170703192336758
A20170703204431759,CN20170703204431759
A20170703211420926,CN20170703211420926
A20170703201023768,CN20170703201023768
A20170703214246762,CN20170703214246762
A20170703222546578,CN20170703222546578
A20170703183042799,CN20170703183042799
A20170703231146227,CN20170703231146227
A20170703180800702,CN20170703180800702
A20170703190900621,CN20170703190900621
A20170703173451661,CN20170703173451661
A20170703194210372,CN20170703194210372
A20170703213525296,CN20170703213525296
A20170703202446687,CN20170703202446687
A20170703231058891,CN20170703231058891
A20170703194135083,CN20170703194135083
A20170703230501699,CN20170703230501699
A20170703225435056,CN20170703225435056
A20170703170525493,CN20170703170525493
A20170703205522473,CN20170703205522473
A20170703172348374,CN20170703172348374
A20170703210826541,CN20170703210826541
A20170703215547283,CN20170703215547283
A20170703192348480,CN20170703192348480
A20170703213501694,CN20170703213501694
A20170703203251573,CN20170703203251573
A20170703183936145,CN20170703183936145
A20170703191753141,CN20170703191753141
A20170703233414626,CN20170703233414626
A20170703220007034,CN20170703220007034
A20170703205050515,CN20170703205050515
A20170703231356649,CN20170703231356649
A20170703193901465,CN20170703193901465
A20170703170748828,CN20170703170748828
A20170703190402632,CN20170703190402632
A20170703222225659,CN20170703222225659
A20170703182348561,CN20170703182348561
A20170703182400464,CN20170703182400464
A20170703211607250,CN20170703211607250
A20170703195744963,CN20170703195744963
A20170703214544410,CN20170703214544410
A20170703184023254,CN20170703184023254
A20170703233041857,CN20170703233041857
A20170703221805815,CN20170703221805815
A20170703202002439,CN20170703202002439
A20170703220216988,CN20170703220216988
A20170703214830219,CN20170703214830219
A20170703215844433,CN20170703215844433
A20170703222312975,CN20170703222312975
A20170703175533183,CN20170703175533183
A20170703221048205,CN20170703221048205
A20170703195336235,CN20170703195336235
A20170703204332783,CN20170703204332783
A20170703193055699,CN20170703193055699
A20170703210727455,CN20170703210727455
A20170703200549435,CN20170703200549435
A20170703222633743,CN20170703222633743
A20170703202930063,CN20170703202930063
A20170703215820766,CN20170703215820766
A20170703225347832,CN20170703225347832
A20170703191011482,CN20170703191011482
A20170703203338961,CN20170703203338961
A20170703173428065,CN20170703173428065
A20170703232435195,CN20170703232435195
A20170703205557769,CN20170703205557769
A20170703213913852,CN20170703213913852
A20170703173736837,CN20170703173736837
A20170703195558492,CN20170703195558492
A20170703195709526,CN20170703195709526
A20170703232003112,CN20170703232003112
A20170703185533599,CN20170703185533599
A20170703183900751,CN20170703183900751
A20170703210351143,CN20170703210351143
A20170703184011564,CN20170703184011564
A20170703203714937,CN20170703203714937
A20170703200217086,CN20170703200217086
A20170703190239332,CN20170703190239332
A20170703202842953,CN20170703202842953
A20170703182336709,CN20170703182336709
A20170703182114128,CN20170703182114128
A20170703225248768,CN20170703225248768
A20170703232756403,CN20170703232756403
A20170703221210901,CN20170703221210901
A20170703192821653,CN20170703192821653
A20170703214123924,CN20170703214123924
A20170703231257253,CN20170703231257253
A20170703213303417,CN20170703213303417
A20170703184432112,CN20170703184432112
A20170703190303035,CN20170703190303035
A20170703181852190,CN20170703181852190
A20170703222150258,CN20170703222150258
A20170703205807763,CN20170703205807763
A20170703183825124,CN20170703183825124
A20170703195622349,CN20170703195622349
A20170703222435642,CN20170703222435642
A20170703203525184,CN20170703203525184
A20170703191221656,CN20170703191221656
A20170703232546411,CN20170703232546411
A20170703181840201,CN20170703181840201
A20170703211630700,CN20170703211630700
A20170703165854855,CN20170703165854855
A20170703210925767,CN20170703210925767
A20170703170812574,CN20170703170812574
A20170703204408257,CN20170703204408257
A20170703210751087,CN20170703210751087
A20170703213338853,CN20170703213338853
A20170703173923400,CN20170703173923400
A20170703200627825,CN20170703200627825
A20170703205534233,CN20170703205534233
A20170703222511124,CN20170703222511124
A20170703195038604,CN20170703195038604
A20170703215004687,CN20170703215004687
A20170703173229172,CN20170703173229172
A20170703173812390,CN20170703173812390
A20170703172015535,CN20170703172015535
A20170703190437965,CN20170703190437965
A20170703221543911,CN20170703221543911
A20170703171619130,CN20170703171619130
A20170703212003356,CN20170703212003356
A20170703221000527,CN20170703221000527
A20170703193254418,CN20170703193254418
A20170703233228225,CN20170703233228225
A20170703214631804,CN20170703214631804
A20170703180737214,CN20170703180737214
A20170703195546640,CN20170703195546640
A20170703210838431,CN20170703210838431
A20170703224717376,CN20170703224717376
A20170703204828280,CN20170703204828280
A20170703184804787,CN20170703184804787
A20170703212400032,CN20170703212400032
A20170703194257636,CN20170703194257636
A20170703212756489,CN20170703212756489
A20170703203303433,CN20170703203303433
A20170703192039310,CN20170703192039310
A20170703212324508,CN20170703212324508
A20170703195610399,CN20170703195610399
A20170703221619495,CN20170703221619495
A20170703195534860,CN20170703195534860
A20170703171344850,CN20170703171344850
A20170703224332485,CN20170703224332485
A20170703222930949,CN20170703222930949
A20170703171158065,CN20170703171158065
A20170703203536896,CN20170703203536896
A20170703194741110,CN20170703194741110
A20170703192447872,CN20170703192447872
A20170703175025594,CN20170703175025594
A20170703172657919,CN20170703172657919
A20170703184035228,CN20170703184035228
A20170703203802121,CN20170703203802121
A20170703184233545,CN20170703184233545
A20170703230402683,CN20170703230402683
A20170703172051059,CN20170703172051059
A20170703172027312,CN20170703172027312
A20170703205026803,CN20170703205026803
A20170703221234525,CN20170703221234525
A20170703182312935,CN20170703182312935
A20170703182931734,CN20170703182931734
A20170703222051302,CN20170703222051302
A20170703220714865,CN20170703220714865
A20170703193948750,CN20170703193948750
A20170703204740996,CN20170703204740996
A20170703204000464,CN20170703204000464
A20170703211036815,CN20170703211036815
A20170703180017863,CN20170703180017863
A20170703215139237,CN20170703215139237
A20170703172102771,CN20170703172102771
A20170703185410997,CN20170703185410997
A20170703185831197,CN20170703185831197
A20170703200936592,CN20170703200936592
A20170703215757006,CN20170703215757006
A20170703232645727,CN20170703232645727
A20170703202101761,CN20170703202101761
A20170703185224766,CN20170703185224766
A20170703175101345,CN20170703175101345
A20170703204035982,CN20170703204035982
A20170703213228105,CN20170703213228105
A20170703222459334,CN20170703222459334
A20170703200351419,CN20170703200351419
A20170703183404316,CN20170703183404316
A20170703180923631,CN20170703180923631
A20170703230725811,CN20170703230725811
A20170703174355523,CN20170703174355523
A20170703224606259,CN20170703224606259
A20170703190326737,CN20170703190326737
A20170703212831971,CN20170703212831971
A20170703195844001,CN20170703195844001
A20170703185002839,CN20170703185002839
A20170703195942915,CN20170703195942915
A20170703192003307,CN20170703192003307
A20170703232102496,CN20170703232102496
A20170703220948837,CN20170703220948837
A20170703201939071,CN20170703201939071
A20170703180649936,CN20170703180649936
A20170703215103841,CN20170703215103841
A20170703200849474,CN20170703200849474
A20170703192932805,CN20170703192932805
A20170703174208777,CN20170703174208777
A20170703224629981,CN20170703224629981
A20170703182038627,CN20170703182038627
A20170703214754745,CN20170703214754745
A20170703190638427,CN20170703190638427
A20170703201245915,CN20170703201245915
A20170703182645926,CN20170703182645926
A20170703201717428,CN20170703201717428
A20170703225843461,CN20170703225843461
A20170703202050091,CN20170703202050091
A20170703224705506,CN20170703224705506
A20170703182412229,CN20170703182412229
A20170703225510570,CN20170703225510570
A20170703200141662,CN20170703200141662
A20170703212039062,CN20170703212039062
A20170703185719989,CN20170703185719989
A20170703175521341,CN20170703175521341
A20170703231321185,CN20170703231321185
A20170703210141168,CN20170703210141168
A20170703193131163,CN20170703193131163
A20170703180251672,CN20170703180251672
A20170703221345461,CN20170703221345461
A20170703201146683,CN20170703201146683
A20170703171840938,CN20170703171840938
A20170703192610737,CN20170703192610737
A20170703172138319,CN20170703172138319
A20170703183118498,CN20170703183118498
A20170703213426287,CN20170703213426287
A20170703194606810,CN20170703194606810
A20170703220514237,CN20170703220514237
A20170703180626372,CN20170703180626372
A20170703213350733,CN20170703213350733
A20170703192710239,CN20170703192710239
A20170703180117094,CN20170703180117094
A20170703232411743,CN20170703232411743
A20170703183924323,CN20170703183924323
A20170703223129351,CN20170703223129351
A20170703215733382,CN20170703215733382
A20170703195447383,CN20170703195447383
A20170703211001211,CN20170703211001211
A20170703223402986,CN20170703223402986
A20170703195634139,CN20170703195634139
A20170703213152731,CN20170703213152731
A20170703221456477,CN20170703221456477
A20170703232610113,CN20170703232610113
A20170703175334810,CN20170703175334810
A20170703173911530,CN20170703173911530
A20170703201345242,CN20170703201345242
A20170703200304335,CN20170703200304335
A20170703221111715,CN20170703221111715
A20170703214036880,CN20170703214036880
A20170703174454615,CN20170703174454615
A20170703225633601,CN20170703225633601
A20170703173527098,CN20170703173527098
A20170703200924792,CN20170703200924792
A20170703201309476,CN20170703201309476
A20170703172809393,CN20170703172809393
A20170703194420528,CN20170703194420528
A20170703225522340,CN20170703225522340
A20170703203651343,CN20170703203651343
A20170703190005746,CN20170703190005746
A20170703232820205,CN20170703232820205
A20170703190116625,CN20170703190116625
A20170703212657331,CN20170703212657331
A20170703191245162,CN20170703191245162
A20170703183305232,CN20170703183305232
A20170703221742243,CN20170703221742243
A20170703215436513,CN20170703215436513
A20170703202434945,CN20170703202434945
A20170703215856223,CN20170703215856223
A20170703215301965,CN20170703215301965
A20170703202149185,CN20170703202149185
A20170703191443370,CN20170703191443370
A20170703201234052,CN20170703201234052
A20170703200726914,CN20170703200726914
A20170703190414394,CN20170703190414394
A20170703191641984,CN20170703191641984
A20170703192126926,CN20170703192126926
A20170703212954627,CN20170703212954627
A20170703231606679,CN20170703231606679
A20170703193528006,CN20170703193528006
A20170703200605941,CN20170703200605941
A20170703230239804,CN20170703230239804
A20170703171706177,CN20170703171706177
A20170703231233401,CN20170703231233401
A20170703181011123,CN20170703181011123
A20170703172833014,CN20170703172833014
A20170703203017537,CN20170703203017537
A20170703214806467,CN20170703214806467
A20170703214258634,CN20170703214258634
A20170703180701766,CN20170703180701766
A20170703214112180,CN20170703214112180
A20170703233402753,CN20170703233402753
A20170703210029527,CN20170703210029527
A20170703225411454,CN20170703225411454
A20170703185819365,CN20170703185819365
A20170703182856069,CN20170703182856069
A20170703171741729,CN20170703171741729
A20170703170251250,CN20170703170251250
A20170703182808720,CN20170703182808720
A20170703213513524,CN20170703213513524
A20170703201047647,CN20170703201047647
A20170703205941939,CN20170703205941939
A20170703185632647,CN20170703185632647
A20170703203128434,CN20170703203128434
A20170703203703147,CN20170703203703147
A20170703225918984,CN20170703225918984
A20170703202708455,CN20170703202708455
A20170703185422842,CN20170703185422842
A20170703225609755,CN20170703225609755
A20170703212237222,CN20170703212237222
A20170703211817140,CN20170703211817140
A20170703222756481,CN20170703222756481
A20170703202656635,CN20170703202656635
A20170703223327390,CN20170703223327390
A20170703214456926,CN20170703214456926
A20170703212855673,CN20170703212855673
A20170703224134585,CN20170703224134585
A20170703212843893,CN20170703212843893
A20170703171654494,CN20170703171654494
A20170703172003624,CN20170703172003624
A20170703232423463,CN20170703232423463
A20170703233216385,CN20170703233216385
A20170703205126001,CN20170703205126001
A20170703220438831,CN20170703220438831
A20170703204111266,CN20170703204111266
A20170703202335758,CN20170703202335758
A20170703202347698,CN20170703202347698
A20170703204047874,CN20170703204047874
A20170703191915933,CN20170703191915933
A20170703210549435,CN20170703210549435
A20170703224419749,CN20170703224419749
A20170703215745174,CN20170703215745174
A20170703231122653,CN20170703231122653
A20170703174629259,CN20170703174629259
A20170703180303403,CN20170703180303403
A20170703230513529,CN20170703230513529
A20170703193814331,CN20170703193814331
A20170703203925072,CN20170703203925072
A20170703204443459,CN20170703204443459
A20170703180128890,CN20170703180128890
A20170703193405324,CN20170703193405324
A20170703210514113,CN20170703210514113
A20170703220042468,CN20170703220042468
A20170703182102338,CN20170703182102338
A20170703212621866,CN20170703212621866
A20170703213640243,CN20170703213640243
A20170703181455112,CN20170703181455112
A20170703195646036,CN20170703195646036
A20170703170824397,CN20170703170824397
A20170703174331715,CN20170703174331715
A20170703201642092,CN20170703201642092
A20170703200450277,CN20170703200450277
A20170703174419170,CN20170703174419170
A20170703220651251,CN20170703220651251
A20170703221520159,CN20170703221520159
A20170703173241084,CN20170703173241084
A20170703222831995,CN20170703222831995
A20170703232138080,CN20170703232138080
A20170703200802328,CN20170703200802328
A20170703223627239,CN20170703223627239
A20170703204257359,CN20170703204257359
A20170703220315984,CN20170703220315984
A20170703225114018,CN20170703225114018
A20170703203140214,CN20170703203140214
A20170703210104944,CN20170703210104944
A20170703210228332,CN20170703210228332
A20170703212102544,CN20170703212102544
A20170703225137592,CN20170703225137592
A20170703174010605,CN20170703174010605
A20170703204717380,CN20170703204717380
A20170703224852354,CN20170703224852354
A20170703174442881,CN20170703174442881
A20170703173217360,CN20170703173217360
A20170703192909215,CN20170703192909215
A20170703232201680,CN20170703232201680
A20170703173725170,CN20170703173725170
A20170703223848841,CN20170703223848841
A20170703202510298,CN20170703202510298
A20170703180836362,CN20170703180836362
A20170703222237441,CN20170703222237441
A20170703201840056,CN20170703201840056
A20170703195300798,CN20170703195300798
A20170703184245324,CN20170703184245324
A20170703202359581,CN20170703202359581
A20170703181506958,CN20170703181506958
A20170703201752720,CN20170703201752720
A20170703193627850,CN20170703193627850
A20170703210403083,CN20170703210403083
A20170703230053162,CN20170703230053162
A20170703230947993,CN20170703230947993
A20170703171507848,CN20170703171507848
A20170703211951386,CN20170703211951386
A20170703182523048,CN20170703182523048
A20170703184927579,CN20170703184927579
A20170703223303710,CN20170703223303710
A20170703175556864,CN20170703175556864
A20170703190314955,CN20170703190314955
A20170703230216140,CN20170703230216140
A20170703231209959,CN20170703231209959
A20170703200814038,CN20170703200814038
A20170703220627541,CN20170703220627541
A20170703170227711,CN20170703170227711
A20170703185335456,CN20170703185335456
A20170703184618474,CN20170703184618474
A20170703194531166,CN20170703194531166
A20170703213814813,CN20170703213814813
A20170703190837045,CN20170703190837045
A20170703221718669,CN20170703221718669
A20170703230614955,CN20170703230614955
A20170703220750297,CN20170703220750297
A20170703222213898,CN20170703222213898
A20170703233204585,CN20170703233204585
A20170703175224040,CN20170703175224040
A20170703173019118,CN20170703173019118
A20170703172523050,CN20170703172523050
A20170703220153294,CN20170703220153294
A20170703211409236,CN20170703211409236
A20170703171146232,CN20170703171146232
A20170703175148788,CN20170703175148788
A20170703211840672,CN20170703211840672
A20170703175731683,CN20170703175731683
A20170703224023609,CN20170703224023609
A20170703221024371,CN20170703221024371
A20170703225446968,CN20170703225446968
A20170703232248935,CN20170703232248935
A20170703205645143,CN20170703205645143
A20170703214001146,CN20170703214001146
A20170703192237773,CN20170703192237773
A20170703190140246,CN20170703190140246
A20170703213628273,CN20170703213628273
A20170703192027199,CN20170703192027199
A20170703194618635,CN20170703194618635
A20170703181630092,CN20170703181630092
A20170703200525703,CN20170703200525703
A20170703193008200,CN20170703193008200
A20170703232114226,CN20170703232114226
A20170703232732721,CN20170703232732721
A20170703215214811,CN20170703215214811
A20170703222907447,CN20170703222907447
A20170703183749652,CN20170703183749652
A20170703201927121,CN20170703201927121
A20170703185248559,CN20170703185248559
A20170703193925080,CN20170703193925080
A20170703180513770,CN20170703180513770
A20170703181110501,CN20170703181110501
A20170703172534900,CN20170703172534900
A20170703222709187,CN20170703222709187
A20170703182447518,CN20170703182447518
A20170703225546025,CN20170703225546025
A20170703210041372,CN20170703210041372
A20170703223513881,CN20170703223513881
A20170703170513663,CN20170703170513663
A20170703220639461,CN20170703220639461
A20170703174320011,CN20170703174320011
A20170703203849527,CN20170703203849527
A20170703181022873,CN20170703181022873
A20170703222015780,CN20170703222015780
A20170703232534421,CN20170703232534421
A20170703223947985,CN20170703223947985
A20170703174617498,CN20170703174617498
A20170703172943590,CN20170703172943590
A20170703204158360,CN20170703204158360
A20170703203948724,CN20170703203948724
A20170703210850253,CN20170703210850253
A20170703195820547,CN20170703195820547
A20170703190813390,CN20170703190813390
A20170703184542980,CN20170703184542980
A20170703183106776,CN20170703183106776
A20170703172150288,CN20170703172150288
A20170703185323754,CN20170703185323754
A20170703204641832,CN20170703204641832
A20170703181157608,CN20170703181157608
A20170703225534102,CN20170703225534102
A20170703185014722,CN20170703185014722
A20170703215500199,CN20170703215500199
A20170703202113695,CN20170703202113695
A20170703185236839,CN20170703185236839
A20170703220351406,CN20170703220351406
A20170703210628269,CN20170703210628269
A20170703213030143,CN20170703213030143
A20170703202732097,CN20170703202732097
A20170703172249185,CN20170703172249185
A20170703205819453,CN20170703205819453
A20170703191419730,CN20170703191419730
A20170703203215908,CN20170703203215908
A20170703200240802,CN20170703200240802
A20170703220415161,CN20170703220415161
A20170703185101798,CN20170703185101798
A20170703201519734,CN20170703201519734
A20170703214508808,CN20170703214508808
A20170703170104982,CN20170703170104982
A20170703224939430,CN20170703224939430
A20170703175953858,CN20170703175953858
A20170703185446497,CN20170703185446497
A20170703211706024,CN20170703211706024
A20170703173538887,CN20170703173538887
A20170703215646298,CN20170703215646298
A20170703190128353,CN20170703190128353
A20170703222732917,CN20170703222732917
A20170703212459108,CN20170703212459108
A20170703173701395,CN20170703173701395
A20170703193516170,CN20170703193516170
A20170703222027660,CN20170703222027660
A20170703214941035,CN20170703214941035
A20170703171420429,CN20170703171420429
A20170703230924331,CN20170703230924331
A20170703191618291,CN20170703191618291
A20170703183725869,CN20170703183725869
A20170703180228070,CN20170703180228070
A20170703223936175,CN20170703223936175
A20170703220814049,CN20170703220814049
A20170703202522150,CN20170703202522150
A20170703201134973,CN20170703201134973
A20170703210438557,CN20170703210438557
A20170703174740451,CN20170703174740451
A20170703191431643,CN20170703191431643
A20170703172622316,CN20170703172622316
A20170703200715009,CN20170703200715009
A20170703174133271,CN20170703174133271
A20170703181717359,CN20170703181717359
A20170703194111406,CN20170703194111406
A20170703193539676,CN20170703193539676
A20170703194000626,CN20170703194000626
A20170703203402345,CN20170703203402345
A20170703195907591,CN20170703195907591
A20170703225557785,CN20170703225557785
A20170703180402574,CN20170703180402574
A20170703174518383,CN20170703174518383
A20170703204530843,CN20170703204530843
A20170703193802371,CN20170703193802371
A20170703214223160,CN20170703214223160
A20170703204903885,CN20170703204903885
A20170703171245179,CN20170703171245179
A20170703183638469,CN20170703183638469
A20170703173252791,CN20170703173252791
A20170703170859819,CN20170703170859819
A20170703223018223,CN20170703223018223
A20170703233525653,CN20170703233525653
A20170703231344867,CN20170703231344867
A20170703215634458,CN20170703215634458
A20170703183241361,CN20170703183241361
A20170703203116622,CN20170703203116622
A20170703230017832,CN20170703230017832
A20170703201531464,CN20170703201531464
A20170703172955335,CN20170703172955335
A20170703185807523,CN20170703185807523
A20170703181915960,CN20170703181915960
A20170703201950743,CN20170703201950743
A20170703205732207,CN20170703205732207
A20170703173958658,CN20170703173958658
A20170703220228770,CN20170703220228770
A20170703184344729,CN20170703184344729
A20170703222942799,CN20170703222942799
A20170703181939520,CN20170703181939520
A20170703181752672,CN20170703181752672
A20170703172546910,CN20170703172546910
A20170703224443383,CN20170703224443383
A20170703194816520,CN20170703194816520
A20170703200105925,CN20170703200105925
A20170703185557231,CN20170703185557231
A20170703221321969,CN20170703221321969
A20170703210803039,CN20170703210803039
A20170703205447049,CN20170703205447049
A20170703232237124,CN20170703232237124
A20170703173141991,CN20170703173141991
A20170703224047171,CN20170703224047171
A20170703183451601,CN20170703183451601
A20170703212510960,CN20170703212510960
A20170703190936015,CN20170703190936015
A20170703231915778,CN20170703231915778
A20170703200959998,CN20170703200959998
A20170703215151199,CN20170703215151199
A20170703192459707,CN20170703192459707
A20170703182237330,CN20170703182237330
A20170703194752920,CN20170703194752920
A20170703174950202,CN20170703174950202
A20170703180140656,CN20170703180140656
A20170703172435752,CN20170703172435752
A20170703170701366,CN20170703170701366
A20170703201851736,CN20170703201851736
A20170703183515255,CN20170703183515255
A20170703205720517,CN20170703205720517
A20170703181729222,CN20170703181729222
A20170703213239865,CN20170703213239865
A20170703172757528,CN20170703172757528
A20170703215610883,CN20170703215610883
A20170703230006138,CN20170703230006138
A20170703180725336,CN20170703180725336
A20170703230749333,CN20170703230749333
A20170703173503407,CN20170703173503407
A20170703232458877,CN20170703232458877
A20170703173835914,CN20170703173835914
A20170703171916448,CN20170703171916448
A20170703173947008,CN20170703173947008
A20170703231245401,CN20170703231245401
A20170703192745923,CN20170703192745923
A20170703203041222,CN20170703203041222
A20170703180638171,CN20170703180638171
A20170703192722149,CN20170703192722149
A20170703233251839,CN20170703233251839
A20170703223615487,CN20170703223615487
A20170703232324569,CN20170703232324569
A20170703194717653,CN20170703194717653
A20170703172423992,CN20170703172423992
A20170703214655586,CN20170703214655586
A20170703214100330,CN20170703214100330
A20170703172336422,CN20170703172336422
A20170703224641791,CN20170703224641791
A20170703175854690,CN20170703175854690
A20170703204951301,CN20170703204951301
A20170703174430859,CN20170703174430859
A20170703203052922,CN20170703203052922
A20170703210502259,CN20170703210502259
A20170703232954713,CN20170703232954713
A20170703182423938,CN20170703182423938
A20170703210414845,CN20170703210414845
A20170703172126490,CN20170703172126490
A20170703220925197,CN20170703220925197
A20170703222954601,CN20170703222954601
A20170703170402565,CN20170703170402565
A20170703190029372,CN20170703190029372
A20170703223502030,CN20170703223502030
A20170703191035151,CN20170703191035151
A20170703183801591,CN20170703183801591
A20170703172312738,CN20170703172312738
A20170703174815846,CN20170703174815846
A20170703204024240,CN20170703204024240
A20170703200948332,CN20170703200948332
A20170703231630249,CN20170703231630249
A20170703211013231,CN20170703211013231
A20170703203414425,CN20170703203414425
A20170703231157987,CN20170703231157987
A20170703223813557,CN20170703223813557
A20170703182709514,CN20170703182709514
A20170703221420933,CN20170703221420933
A20170703205237017,CN20170703205237017
A20170703190215701,CN20170703190215701
A20170703232558183,CN20170703232558183
A20170703182622227,CN20170703182622227
A20170703205347715,CN20170703205347715
A20170703190449744,CN20170703190449744
A20170703185953826,CN20170703185953826
A20170703210128458,CN20170703210128458
A20170703194309662,CN20170703194309662
A20170703224530757,CN20170703224530757
A20170703175200480,CN20170703175200480
A20170703192150408,CN20170703192150408
A20170703200513991,CN20170703200513991
A20170703201444368,CN20170703201444368
A20170703225003034,CN20170703225003034
A20170703205843097,CN20170703205843097
A20170703213949392,CN20170703213949392
A20170703191630117,CN20170703191630117
A20170703185212919,CN20170703185212919
A20170703224320705,CN20170703224320705
A20170703220030636,CN20170703220030636
A20170703223438570,CN20170703223438570
A20170703211025035,CN20170703211025035
A20170703184951100,CN20170703184951100
A20170703173118256,CN20170703173118256
A20170703203513419,CN20170703203513419
A20170703195733263,CN20170703195733263
A20170703192138671,CN20170703192138671
A20170703202458568,CN20170703202458568
A20170703170848045,CN20170703170848045
A20170703192833431,CN20170703192833431
A20170703191146142,CN20170703191146142
A20170703204123116,CN20170703204123116
A20170703183054758,CN20170703183054758
A20170703193242716,CN20170703193242716
A20170703171256974,CN20170703171256974
A20170703232919329,CN20170703232919329
A20170703210251927,CN20170703210251927
A20170703210216572,CN20170703210216572
A20170703231554805,CN20170703231554805
A20170703185038234,CN20170703185038234
A20170703203605468,CN20170703203605468
A20170703214842089,CN20170703214842089
A20170703222301043,CN20170703222301043
A20170703172511178,CN20170703172511178
A20170703175819327,CN20170703175819327
A20170703182832411,CN20170703182832411
A20170703212249014,CN20170703212249014
A20170703215202891,CN20170703215202891
A20170703191344192,CN20170703191344192
A20170703174839473,CN20170703174839473
A20170703212447325,CN20170703212447325
A20170703180748947,CN20170703180748947
A20170703204804566,CN20170703204804566
A20170703211915990,CN20170703211915990
A20170703171209877,CN20170703171209877
A20170703185434639,CN20170703185434639
A20170703190513361,CN20170703190513361
A20170703201222190,CN20170703201222190
A20170703224407859,CN20170703224407859
A20170703224431469,CN20170703224431469
A20170703205003011,CN20170703205003011
A20170703180501870,CN20170703180501870
A20170703212645581,CN20170703212645581
A20170703182301178,CN20170703182301178
A20170703225335902,CN20170703225335902
A20170703230315337,CN20170703230315337
A20170703170736975,CN20170703170736975
A20170703215052011,CN20170703215052011
A20170703213414587,CN20170703213414587
A20170703170215855,CN20170703170215855
A20170703224257071,CN20170703224257071
A20170703224356089,CN20170703224356089
A20170703222103104,CN20170703222103104
A20170703200901304,CN20170703200901304
A20170703193218851,CN20170703193218851
A20170703192558937,CN20170703192558937
A20170703215931621,CN20170703215931621
A20170703170414402,CN20170703170414402
A20170703223726403,CN20170703223726403
A20170703213018333,CN20170703213018333
A20170703183416229,CN20170703183416229
A20170703231804887,CN20170703231804887
A20170703171046756,CN20170703171046756
A20170703230204430,CN20170703230204430
A20170703183737779,CN20170703183737779
A20170703170713293,CN20170703170713293
A20170703184531082,CN20170703184531082
A20170703192845411,CN20170703192845411
A20170703193429019,CN20170703193429019
A20170703175457759,CN20170703175457759
A20170703210605167,CN20170703210605167
A20170703220054238,CN20170703220054238
A20170703212114404,CN20170703212114404
A20170703171134362,CN20170703171134362
A20170703184717592,CN20170703184717592
A20170703192511519,CN20170703192511519
A20170703211048745,CN20170703211048745
A20170703193651488,CN20170703193651488
A20170703220802019,CN20170703220802019
A20170703183030717,CN20170703183030717
A20170703200537583,CN20170703200537583
A20170703181245034,CN20170703181245034
A20170703200117865,CN20170703200117865
A20170703175037549,CN20170703175037549
A20170703175113125,CN20170703175113125
A20170703200651547,CN20170703200651547
A20170703190426276,CN20170703190426276
A20170703174914878,CN20170703174914878
A20170703205335933,CN20170703205335933
A20170703180947424,CN20170703180947424
A20170703183142113,CN20170703183142113
A20170703204356463,CN20170703204356463
A20170703173713261,CN20170703173713261
A20170703194642269,CN20170703194642269
A20170703230029762,CN20170703230029762
A20170703225038576,CN20170703225038576
A20170703204245507,CN20170703204245507
A20170703194234014,CN20170703194234014
A20170703175422355,CN20170703175422355
A20170703172733577,CN20170703172733577
A20170703193329859,CN20170703193329859
A20170703175719866,CN20170703175719866
A20170703175124951,CN20170703175124951
A20170703213251727,CN20170703213251727
A20170703180859960,CN20170703180859960
A20170703213850267,CN20170703213850267
A20170703223117429,CN20170703223117429
A20170703213105517,CN20170703213105517
A20170703175346778,CN20170703175346778
A20170703215832510,CN20170703215832510
A20170703214211360,CN20170703214211360
A20170703193913175,CN20170703193913175
A20170703221432815,CN20170703221432815
A20170703180005938,CN20170703180005938
A20170703224840524,CN20170703224840524
A20170703201555058,CN20170703201555058
A20170703203350681,CN20170703203350681
A20170703195102278,CN20170703195102278
A20170703223525623,CN20170703223525623
A20170703175644216,CN20170703175644216
A20170703224233551,CN20170703224233551
A20170703211310442,CN20170703211310442
A20170703175545089,CN20170703175545089
A20170703202720277,CN20170703202720277
A20170703233152663,CN20170703233152663
A20170703214334186,CN20170703214334186
A20170703214917483,CN20170703214917483
A20170703195832327,CN20170703195832327
A20170703183229314,CN20170703183229314
A20170703195125850,CN20170703195125850
A20170703213129099,CN20170703213129099
A20170703213549118,CN20170703213549118
A20170703205423337,CN20170703205423337
A20170703200750426,CN20170703200750426
A20170703170537382,CN20170703170537382
A20170703195224979,CN20170703195224979
A20170703183427896,CN20170703183427896
A20170703175632256,CN20170703175632256
A20170703231951118,CN20170703231951118
A20170703230912529,CN20170703230912529
A20170703204851911,CN20170703204851911
A20170703172709848,CN20170703172709848
A20170703222348478,CN20170703222348478
A20170703183018955,CN20170703183018955
A20170703222003938,CN20170703222003938
A20170703191816809,CN20170703191816809
A20170703190626642,CN20170703190626642
A20170703181518752,CN20170703181518752
A20170703173340389,CN20170703173340389
A20170703203005617,CN20170703203005617
A20170703195312493,CN20170703195312493
A20170703222919139,CN20170703222919139
A20170703220913413,CN20170703220913413
A20170703215721612,CN20170703215721612
A20170703192436150,CN20170703192436150
A20170703174704983,CN20170703174704983
A20170703174728672,CN20170703174728672
A20170703201816362,CN20170703201816362
A20170703223228246,CN20170703223228246
A20170703181233277,CN20170703181233277
A20170703230426165,CN20170703230426165
A20170703212522770,CN20170703212522770
A20170703202248734,CN20170703202248734
A20170703233327231,CN20170703233327231
A20170703205359425,CN20170703205359425
A20170703210902017,CN20170703210902017
A20170703171432286,CN20170703171432286
A20170703185656423,CN20170703185656423
A20170703173042935,CN20170703173042935
A20170703184420222,CN20170703184420222
A20170703230825125,CN20170703230825125
A20170703215337389,CN20170703215337389
A20170703215943482,CN20170703215943482
A20170703215313805,CN20170703215313805
A20170703175655970,CN20170703175655970
A20170703193206969,CN20170703193206969
A20170703231816717,CN20170703231816717
A20170703230350779,CN20170703230350779
A20170703190338809,CN20170703190338809
A20170703174553854,CN20170703174553854
A20170703222610093,CN20170703222610093
A20170703232621885,CN20170703232621885
A20170703184753049,CN20170703184753049
A20170703213739361,CN20170703213739361
A20170703221444667,CN20170703221444667
A20170703184257084,CN20170703184257084
A20170703205038645,CN20170703205038645
A20170703230228060,CN20170703230228060
A20170703203203858,CN20170703203203858
A20170703221607615,CN20170703221607615
A20170703191805081,CN20170703191805081
A20170703210152938,CN20170703210152938
A20170703193639735,CN20170703193639735
A20170703202300474,CN20170703202300474
A20170703191606359,CN20170703191606359
A20170703212312698,CN20170703212312698
A20170703184110672,CN20170703184110672
A20170703171630942,CN20170703171630942