Transaction Name,Flow Name,Packet List Name,Transaction Duration (seconds),Network Time (seconds) ,Throughput Up (KB),Throughput Down (KB),Number of Requests,Errors,Analysis Score (Desktop) ,Analysis Score (Mobile) ,Transaction HTML Report Name
vuser_init_Transaction,,,0.0,0.0,0.0,0.0,0,0,N\A (no HTTP traffic),N\A (no HTTP traffic),report0.html
PUMA_PaperReport_Transaction,,,3.7,0.7,0.0,0.0,0,0,N\A (no HTTP traffic),N\A (no HTTP traffic),report1.html
Create Paper report,,,1.2,0.0,0.0,0.0,0,0,N\A (no HTTP traffic),N\A (no HTTP traffic),report2.html
Create Paper report[2],,,1.0,0.0,0.0,0.0,0,0,N\A (no HTTP traffic),N\A (no HTTP traffic),report3.html
Update Paper report,,,0.3,0.0,0.0,0.0,0,0,N\A (no HTTP traffic),N\A (no HTTP traffic),report4.html
Update Paper report[2],,,0.1,0.0,0.0,0.0,0,0,N\A (no HTTP traffic),N\A (no HTTP traffic),report5.html
PUMA_Film_Transaction,,,7.9,0.0,0.0,0.0,0,0,N\A (no HTTP traffic),N\A (no HTTP traffic),report6.html
Create Film,,,1.1,0.0,0.0,0.0,0,0,N\A (no HTTP traffic),N\A (no HTTP traffic),report7.html
Create Film[2],,,1.9,0.0,0.0,0.0,0,0,N\A (no HTTP traffic),N\A (no HTTP traffic),report8.html
Create Film[3],,,1.6,0.0,0.0,0.0,0,0,N\A (no HTTP traffic),N\A (no HTTP traffic),report9.html
Create Film[4],,,1.7,0.0,0.0,0.0,0,0,N\A (no HTTP traffic),N\A (no HTTP traffic),report10.html
Update Film,,,0.1,0.0,0.0,0.0,0,0,N\A (no HTTP traffic),N\A (no HTTP traffic),report11.html
Update Film[2],,,0.2,0.0,0.0,0.0,0,0,N\A (no HTTP traffic),N\A (no HTTP traffic),report12.html
Update Film[3],,,0.1,0.0,0.0,0.0,0,0,N\A (no HTTP traffic),N\A (no HTTP traffic),report13.html
Update Film[4],,,0.2,0.0,0.0,0.0,0,0,N\A (no HTTP traffic),N\A (no HTTP traffic),report14.html
PUMA_examreservation_Transaction,,,1.9,0.0,0.0,0.0,0,0,N\A (no HTTP traffic),N\A (no HTTP traffic),report15.html
Create ExamReservation,,,0.3,0.0,0.0,0.0,0,0,N\A (no HTTP traffic),N\A (no HTTP traffic),report16.html
Create ExamReservation[2],,,0.1,0.0,0.0,0.0,0,0,N\A (no HTTP traffic),N\A (no HTTP traffic),report17.html
Create ExamReservation[3],,,0.1,0.0,0.0,0.0,0,0,N\A (no HTTP traffic),N\A (no HTTP traffic),report18.html
Create ExamReservation[4],,,0.1,0.0,0.0,0.0,0,0,N\A (no HTTP traffic),N\A (no HTTP traffic),report19.html
Create ExamReservation[5],,,0.2,0.0,0.0,0.0,0,0,N\A (no HTTP traffic),N\A (no HTTP traffic),report20.html
PUMA_PaperReport_Transaction[2],,,9.8,0.0,0.0,0.0,0,0,N\A (no HTTP traffic),N\A (no HTTP traffic),report21.html
Create Paper report[3],,,1.0,0.0,0.0,0.0,0,0,N\A (no HTTP traffic),N\A (no HTTP traffic),report22.html
Create Paper report[4],,,2.3,0.0,0.0,0.0,0,0,N\A (no HTTP traffic),N\A (no HTTP traffic),report23.html
Create Paper report[5],,,1.7,0.0,0.0,0.0,0,0,N\A (no HTTP traffic),N\A (no HTTP traffic),report24.html
Create Paper report[6],,,1.7,0.0,0.0,0.0,0,0,N\A (no HTTP traffic),N\A (no HTTP traffic),report25.html
Create Paper report[7],,,1.2,0.0,0.0,0.0,0,0,N\A (no HTTP traffic),N\A (no HTTP traffic),report26.html
Update Paper report[3],,,0.2,0.0,0.0,0.0,0,0,N\A (no HTTP traffic),N\A (no HTTP traffic),report27.html
Update Paper report[4],,,0.1,0.0,0.0,0.0,0,0,N\A (no HTTP traffic),N\A (no HTTP traffic),report28.html
Update Paper report[5],,,0.2,0.0,0.0,0.0,0,0,N\A (no HTTP traffic),N\A (no HTTP traffic),report29.html
Update Paper report[6],,,0.3,0.0,0.0,0.0,0,0,N\A (no HTTP traffic),N\A (no HTTP traffic),report30.html
Update Paper report[7],,,0.2,0.0,0.0,0.0,0,0,N\A (no HTTP traffic),N\A (no HTTP traffic),report31.html
PUMA_Film_Transaction[2],,,8.3,6.9,0.0,0.0,0,0,N\A (no HTTP traffic),N\A (no HTTP traffic),report32.html
Create Film[5],,,1.0,0.0,0.0,0.0,0,0,N\A (no HTTP traffic),N\A (no HTTP traffic),report33.html
Create Film[6],,,1.1,0.0,0.0,0.0,0,0,N\A (no HTTP traffic),N\A (no HTTP traffic),report34.html
Create Film[7],,,1.9,0.4,0.0,0.0,0,0,N\A (no HTTP traffic),N\A (no HTTP traffic),report35.html
Create Film[8],,,1.5,0.8,0.0,0.0,0,0,N\A (no HTTP traffic),N\A (no HTTP traffic),report36.html
Update Film[5],,,0.9,0.0,0.0,0.0,0,0,N\A (no HTTP traffic),N\A (no HTTP traffic),report37.html
Update Film[6],,,0.2,0.0,0.0,0.0,0,0,N\A (no HTTP traffic),N\A (no HTTP traffic),report38.html
Update Film[7],,,0.3,0.0,0.0,0.0,0,0,N\A (no HTTP traffic),N\A (no HTTP traffic),report39.html
Update Film[8],,,0.2,0.0,0.0,0.0,0,0,N\A (no HTTP traffic),N\A (no HTTP traffic),report40.html
PUMA_examreservation_Transaction[2],,,1.7,1.5,0.0,0.0,0,0,N\A (no HTTP traffic),N\A (no HTTP traffic),report41.html
Create ExamReservation[6],,,0.6,0.5,0.0,0.0,0,0,N\A (no HTTP traffic),N\A (no HTTP traffic),report42.html
Create ExamReservation[7],,,0.1,0.0,0.0,0.0,0,0,N\A (no HTTP traffic),N\A (no HTTP traffic),report43.html
PUMA_PaperReport_Transaction[3],,,9.5,7.8,0.0,0.0,0,0,N\A (no HTTP traffic),N\A (no HTTP traffic),report44.html
Create Paper report[8],,,1.1,0.0,0.0,0.0,0,0,N\A (no HTTP traffic),N\A (no HTTP traffic),report45.html
Create Paper report[9],,,1.1,0.0,0.0,0.0,0,0,N\A (no HTTP traffic),N\A (no HTTP traffic),report46.html
Create Paper report[10],,,1.2,0.0,0.0,0.0,0,0,N\A (no HTTP traffic),N\A (no HTTP traffic),report47.html
Create Paper report[11],,,1.2,0.0,0.0,0.0,0,0,N\A (no HTTP traffic),N\A (no HTTP traffic),report48.html
Create Paper report[12],,,2.2,0.0,0.0,0.0,0,0,N\A (no HTTP traffic),N\A (no HTTP traffic),report49.html
Update Paper report[8],,,0.8,0.0,0.0,0.0,0,0,N\A (no HTTP traffic),N\A (no HTTP traffic),report50.html
Update Paper report[9],,,0.3,0.0,0.0,0.0,0,0,N\A (no HTTP traffic),N\A (no HTTP traffic),report51.html
Update Paper report[10],,,0.1,0.0,0.0,0.0,0,0,N\A (no HTTP traffic),N\A (no HTTP traffic),report52.html
Update Paper report[11],,,0.3,0.0,0.0,0.0,0,0,N\A (no HTTP traffic),N\A (no HTTP traffic),report53.html
Update Paper report[12],,,0.1,0.0,0.0,0.0,0,0,N\A (no HTTP traffic),N\A (no HTTP traffic),report54.html
PUMA_Film_Transaction[3],,,2.7,0.0,0.0,0.0,0,0,N\A (no HTTP traffic),N\A (no HTTP traffic),report55.html
Create Film[9],,,1.4,0.0,0.0,0.0,0,0,N\A (no HTTP traffic),N\A (no HTTP traffic),report56.html
Update Film[9],,,0.3,0.0,0.0,0.0,0,0,N\A (no HTTP traffic),N\A (no HTTP traffic),report57.html
PUMA_examreservation_Transaction[3],,,1.9,0.0,0.0,0.0,0,0,N\A (no HTTP traffic),N\A (no HTTP traffic),report58.html
Create ExamReservation[8],,,0.8,0.0,0.0,0.0,0,0,N\A (no HTTP traffic),N\A (no HTTP traffic),report59.html
Create ExamReservation[9],,,0.2,0.0,0.0,0.0,0,0,N\A (no HTTP traffic),N\A (no HTTP traffic),report60.html
PUMA_PaperReport_Transaction[4],,,3.6,1.0,0.0,0.0,0,0,N\A (no HTTP traffic),N\A (no HTTP traffic),report61.html
Create Paper report[13],,,1.1,0.0,0.0,0.0,0,0,N\A (no HTTP traffic),N\A (no HTTP traffic),report62.html
Create Paper report[14],,,1.2,0.0,0.0,0.0,0,0,N\A (no HTTP traffic),N\A (no HTTP traffic),report63.html
Update Paper report[13],,,0.1,0.0,0.0,0.0,0,0,N\A (no HTTP traffic),N\A (no HTTP traffic),report64.html
Update Paper report[14],,,0.1,0.0,0.0,0.0,0,0,N\A (no HTTP traffic),N\A (no HTTP traffic),report65.html
PUMA_Film_Transaction[4],,,5.4,0.0,0.0,0.0,0,0,N\A (no HTTP traffic),N\A (no HTTP traffic),report66.html
Create Film[10],,,1.9,0.0,0.0,0.0,0,0,N\A (no HTTP traffic),N\A (no HTTP traffic),report67.html
Create Film[11],,,1.7,0.0,0.0,0.0,0,0,N\A (no HTTP traffic),N\A (no HTTP traffic),report68.html
Update Film[10],,,0.7,0.0,0.0,0.0,0,0,N\A (no HTTP traffic),N\A (no HTTP traffic),report69.html
Update Film[11],,,0.2,0.0,0.0,0.0,0,0,N\A (no HTTP traffic),N\A (no HTTP traffic),report70.html
PUMA_examreservation_Transaction[4],,,1.9,0.0,0.0,0.0,0,0,N\A (no HTTP traffic),N\A (no HTTP traffic),report71.html
Create ExamReservation[10],,,0.6,0.0,0.0,0.0,0,0,N\A (no HTTP traffic),N\A (no HTTP traffic),report72.html
Create ExamReservation[11],,,0.1,0.0,0.0,0.0,0,0,N\A (no HTTP traffic),N\A (no HTTP traffic),report73.html
Create ExamReservation[12],,,0.1,0.0,0.0,0.0,0,0,N\A (no HTTP traffic),N\A (no HTTP traffic),report74.html
PUMA_PaperReport_Transaction[5],,,2.2,0.0,0.0,0.0,0,0,N\A (no HTTP traffic),N\A (no HTTP traffic),report75.html
Create Paper report[15],,,1.0,0.0,0.0,0.0,0,0,N\A (no HTTP traffic),N\A (no HTTP traffic),report76.html
Update Paper report[15],,,0.2,0.0,0.0,0.0,0,0,N\A (no HTTP traffic),N\A (no HTTP traffic),report77.html
PUMA_Film_Transaction[5],,,17.8,0.8,0.0,0.0,0,0,N\A (no HTTP traffic),N\A (no HTTP traffic),report78.html
Create Film[12],,,1.2,0.8,0.0,0.0,0,0,N\A (no HTTP traffic),N\A (no HTTP traffic),report79.html
Create Film[13],,,1.3,0.0,0.0,0.0,0,0,N\A (no HTTP traffic),N\A (no HTTP traffic),report80.html
Create Film[14],,,5.5,0.0,0.0,0.0,0,0,N\A (no HTTP traffic),N\A (no HTTP traffic),report81.html
Create Film[15],,,5.2,0.0,0.0,0.0,0,0,N\A (no HTTP traffic),N\A (no HTTP traffic),report82.html
Update Film[12],,,1.5,0.0,0.0,0.0,0,0,N\A (no HTTP traffic),N\A (no HTTP traffic),report83.html
Update Film[13],,,0.4,0.0,0.0,0.0,0,0,N\A (no HTTP traffic),N\A (no HTTP traffic),report84.html
Update Film[14],,,0.2,0.0,0.0,0.0,0,0,N\A (no HTTP traffic),N\A (no HTTP traffic),report85.html
Update Film[15],,,1.4,0.0,0.0,0.0,0,0,N\A (no HTTP traffic),N\A (no HTTP traffic),report86.html
PUMA_examreservation_Transaction[5],,,1.7,0.0,0.0,0.0,0,0,N\A (no HTTP traffic),N\A (no HTTP traffic),report87.html
Create ExamReservation[13],,,0.7,0.0,0.0,0.0,0,0,N\A (no HTTP traffic),N\A (no HTTP traffic),report88.html
PUMA_PaperReport_Transaction[6],,,6.9,0.0,0.0,0.0,0,0,N\A (no HTTP traffic),N\A (no HTTP traffic),report89.html
Create Paper report[16],,,1.8,0.0,0.0,0.0,0,0,N\A (no HTTP traffic),N\A (no HTTP traffic),report90.html
Create Paper report[17],,,1.6,0.0,0.0,0.0,0,0,N\A (no HTTP traffic),N\A (no HTTP traffic),report91.html
Create Paper report[18],,,1.3,0.0,0.0,0.0,0,0,N\A (no HTTP traffic),N\A (no HTTP traffic),report92.html
Update Paper report[16],,,0.4,0.0,0.0,0.0,0,0,N\A (no HTTP traffic),N\A (no HTTP traffic),report93.html
Update Paper report[17],,,0.5,0.0,0.0,0.0,0,0,N\A (no HTTP traffic),N\A (no HTTP traffic),report94.html
Update Paper report[18],,,0.3,0.0,0.0,0.0,0,0,N\A (no HTTP traffic),N\A (no HTTP traffic),report95.html
PUMA_Film_Transaction[6],,,8.1,0.8,0.0,0.0,0,0,N\A (no HTTP traffic),N\A (no HTTP traffic),report96.html
Create Film[16],,,1.2,0.0,0.0,0.0,0,0,N\A (no HTTP traffic),N\A (no HTTP traffic),report97.html
Create Film[17],,,1.5,0.0,0.0,0.0,0,0,N\A (no HTTP traffic),N\A (no HTTP traffic),report98.html
Create Film[18],,,1.2,0.0,0.0,0.0,0,0,N\A (no HTTP traffic),N\A (no HTTP traffic),report99.html
Create Film[19],,,1.2,0.0,0.0,0.0,0,0,N\A (no HTTP traffic),N\A (no HTTP traffic),report100.html
Update Film[16],,,0.8,0.0,0.0,0.0,0,0,N\A (no HTTP traffic),N\A (no HTTP traffic),report101.html
Update Film[17],,,0.3,0.0,0.0,0.0,0,0,N\A (no HTTP traffic),N\A (no HTTP traffic),report102.html
Update Film[18],,,0.7,0.0,0.0,0.0,0,0,N\A (no HTTP traffic),N\A (no HTTP traffic),report103.html
Update Film[19],,,0.2,0.0,0.0,0.0,0,0,N\A (no HTTP traffic),N\A (no HTTP traffic),report104.html
PUMA_examreservation_Transaction[6],,,1.8,0.0,0.0,0.0,0,0,N\A (no HTTP traffic),N\A (no HTTP traffic),report105.html
Create ExamReservation[14],,,0.7,0.0,0.0,0.0,0,0,N\A (no HTTP traffic),N\A (no HTTP traffic),report106.html
Create ExamReservation[15],,,0.1,0.0,0.0,0.0,0,0,N\A (no HTTP traffic),N\A (no HTTP traffic),report107.html
PUMA_PaperReport_Transaction[7],,,7.5,2.4,0.0,0.0,0,0,N\A (no HTTP traffic),N\A (no HTTP traffic),report108.html
Create Paper report[19],,,2.0,0.0,0.0,0.0,0,0,N\A (no HTTP traffic),N\A (no HTTP traffic),report109.html
Create Paper report[20],,,1.3,0.0,0.0,0.0,0,0,N\A (no HTTP traffic),N\A (no HTTP traffic),report110.html
Create Paper report[21],,,1.2,0.0,0.0,0.0,0,0,N\A (no HTTP traffic),N\A (no HTTP traffic),report111.html
Create Paper report[22],,,1.2,0.0,0.0,0.0,0,0,N\A (no HTTP traffic),N\A (no HTTP traffic),report112.html
Update Paper report[19],,,0.1,0.0,0.0,0.0,0,0,N\A (no HTTP traffic),N\A (no HTTP traffic),report113.html
Update Paper report[20],,,0.1,0.0,0.0,0.0,0,0,N\A (no HTTP traffic),N\A (no HTTP traffic),report114.html
Update Paper report[21],,,0.2,0.0,0.0,0.0,0,0,N\A (no HTTP traffic),N\A (no HTTP traffic),report115.html
Update Paper report[22],,,0.3,0.0,0.0,0.0,0,0,N\A (no HTTP traffic),N\A (no HTTP traffic),report116.html
PUMA_Film_Transaction[7],,,9.8,1.7,0.0,0.0,0,0,N\A (no HTTP traffic),N\A (no HTTP traffic),report117.html
Create Film[20],,,1.2,0.0,0.0,0.0,0,0,N\A (no HTTP traffic),N\A (no HTTP traffic),report118.html
Create Film[21],,,1.7,0.0,0.0,0.0,0,0,N\A (no HTTP traffic),N\A (no HTTP traffic),report119.html
Create Film[22],,,2.1,0.0,0.0,0.0,0,0,N\A (no HTTP traffic),N\A (no HTTP traffic),report120.html
Create Film[23],,,2.3,0.0,0.0,0.0,0,0,N\A (no HTTP traffic),N\A (no HTTP traffic),report121.html
Update Film[20],,,0.5,0.0,0.0,0.0,0,0,N\A (no HTTP traffic),N\A (no HTTP traffic),report122.html
Update Film[21],,,0.4,0.0,0.0,0.0,0,0,N\A (no HTTP traffic),N\A (no HTTP traffic),report123.html
Update Film[22],,,0.4,0.0,0.0,0.0,0,0,N\A (no HTTP traffic),N\A (no HTTP traffic),report124.html
Update Film[23],,,0.2,0.0,0.0,0.0,0,0,N\A (no HTTP traffic),N\A (no HTTP traffic),report125.html
PUMA_examreservation_Transaction[7],,,2.2,0.0,0.0,0.0,0,0,N\A (no HTTP traffic),N\A (no HTTP traffic),report126.html
Create ExamReservation[16],,,0.8,0.0,0.0,0.0,0,0,N\A (no HTTP traffic),N\A (no HTTP traffic),report127.html
Create ExamReservation[17],,,0.1,0.0,0.0,0.0,0,0,N\A (no HTTP traffic),N\A (no HTTP traffic),report128.html
Create ExamReservation[18],,,0.3,0.0,0.0,0.0,0,0,N\A (no HTTP traffic),N\A (no HTTP traffic),report129.html
PUMA_PaperReport_Transaction[8],,,8.5,0.7,0.0,0.0,0,0,N\A (no HTTP traffic),N\A (no HTTP traffic),report130.html
Create Paper report[23],,,1.6,0.0,0.0,0.0,0,0,N\A (no HTTP traffic),N\A (no HTTP traffic),report131.html
Create Paper report[24],,,1.1,0.0,0.0,0.0,0,0,N\A (no HTTP traffic),N\A (no HTTP traffic),report132.html
Create Paper report[25],,,1.2,0.0,0.0,0.0,0,0,N\A (no HTTP traffic),N\A (no HTTP traffic),report133.html
Create Paper report[26],,,1.9,0.7,0.0,0.0,0,0,N\A (no HTTP traffic),N\A (no HTTP traffic),report134.html
Update Paper report[23],,,0.9,0.0,0.0,0.0,0,0,N\A (no HTTP traffic),N\A (no HTTP traffic),report135.html
Update Paper report[24],,,0.3,0.0,0.0,0.0,0,0,N\A (no HTTP traffic),N\A (no HTTP traffic),report136.html
Update Paper report[25],,,0.2,0.0,0.0,0.0,0,0,N\A (no HTTP traffic),N\A (no HTTP traffic),report137.html
Update Paper report[26],,,0.4,0.0,0.0,0.0,0,0,N\A (no HTTP traffic),N\A (no HTTP traffic),report138.html
PUMA_Film_Transaction[8],,,3.4,1.9,0.0,0.0,0,0,N\A (no HTTP traffic),N\A (no HTTP traffic),report139.html
Create Film[24],,,1.9,0.0,0.0,0.0,0,0,N\A (no HTTP traffic),N\A (no HTTP traffic),report140.html
Update Film[24],,,0.5,0.2,0.0,0.0,0,0,N\A (no HTTP traffic),N\A (no HTTP traffic),report141.html
PUMA_examreservation_Transaction[8],,,2.7,1.3,0.0,0.0,0,0,N\A (no HTTP traffic),N\A (no HTTP traffic),report142.html
Create ExamReservation[19],,,0.5,0.0,0.0,0.0,0,0,N\A (no HTTP traffic),N\A (no HTTP traffic),report143.html
Create ExamReservation[20],,,0.1,0.0,0.0,0.0,0,0,N\A (no HTTP traffic),N\A (no HTTP traffic),report144.html
Create ExamReservation[21],,,0.2,0.0,0.0,0.0,0,0,N\A (no HTTP traffic),N\A (no HTTP traffic),report145.html
Create ExamReservation[22],,,0.2,0.0,0.0,0.0,0,0,N\A (no HTTP traffic),N\A (no HTTP traffic),report146.html
Update ExamReservation,,,0.2,0.0,0.0,0.0,0,0,N\A (no HTTP traffic),N\A (no HTTP traffic),report147.html
Update ExamReservation[2],,,0.2,0.0,0.0,0.0,0,0,N\A (no HTTP traffic),N\A (no HTTP traffic),report148.html
Update ExamReservation[3],,,0.2,0.0,0.0,0.0,0,0,N\A (no HTTP traffic),N\A (no HTTP traffic),report149.html
Update ExamReservation[4],,,0.1,0.0,0.0,0.0,0,0,N\A (no HTTP traffic),N\A (no HTTP traffic),report150.html
PUMA_PaperReport_Transaction[9],,,0.1,0.0,0.0,0.0,0,0,N\A (no HTTP traffic),N\A (no HTTP traffic),report151.html
Create Paper report[27],,,0.1,0.0,0.0,0.0,0,0,N\A (no HTTP traffic),N\A (no HTTP traffic),report152.html
vuser_end_Transaction,,,0.0,0.0,0.0,0.0,0,0,N\A (no HTTP traffic),N\A (no HTTP traffic),report153.html